date,sent_pos,sent_neu,sent_neg
2009-04-10,0.300008,0.29804873,0.40194327
2009-08-28,0.29585734,0.3046142,0.39952844
2009-09-08,0.3048714,0.31166723,0.3834613
2009-12-03,0.32562482,0.37949255,0.29488263
2009-12-16,0.29812288,0.31583655,0.38604057
2009-12-19,0.26800984,0.33233267,0.3996575
2009-12-22,0.27599838,0.3485637,0.37543786
2010-01-07,0.28250358,0.33101153,0.38648492
2010-09-02,0.31384486,0.3250388,0.36111638
2011-02-22,0.2451997,0.37963495,0.3751654
2011-04-05,0.31216767,0.3475258,0.34030652
2011-10-05,0.24740776,0.33562213,0.4169701
2013-03-28,0.32739234,0.30973327,0.36287436
2013-07-22,0.27983597,0.32714215,0.39302185
2013-10-09,0.2549939,0.29601184,0.4489943
2013-11-13,0.3237248,0.28009182,0.3961834
2015-05-13,0.27803573,0.34372875,0.37823555
2015-08-11,0.30145487,0.29169902,0.40684608
2016-02-12,0.2831613,0.30908167,0.40775698
2016-02-16,0.29358786,0.30829412,0.39811808
2016-02-28,0.27244693,0.27710745,0.45044565
2016-03-02,0.29351225,0.3023378,0.40414995
2016-03-03,0.27363417,0.33285224,0.39351368
2016-03-04,0.2878042,0.3412142,0.3709816
2016-04-02,0.32726958,0.27399984,0.39873055
2016-06-01,0.2558745,0.31663164,0.42749387
2016-10-02,0.30136326,0.34442514,0.3542116
2017-01-10,0.25454935,0.3263068,0.41914383
2017-03-11,0.31762055,0.33325997,0.34911948
2017-03-17,0.18884057,0.36460742,0.44655204
2017-07-08,0.28918108,0.35253,0.3582889
2017-07-12,0.24030277,0.3127278,0.4469694
2017-08-20,0.23862909,0.33354202,0.4278289
2017-08-22,0.28846747,0.31644434,0.3950882
2017-10-30,0.33352828,0.29455468,0.37191704
2017-12-16,0.30259794,0.27693066,0.42047146
2017-12-20,0.26639208,0.26180092,0.47180703
2017-12-21,0.25334057,0.3093559,0.43730357
2018-01-12,0.27571627,0.27334186,0.45094186
2018-01-30,0.27290407,0.28697973,0.44011623
2018-02-14,0.27412134,0.2754187,0.45046
2018-02-16,0.3130301,0.37179032,0.31517962
2018-02-22,0.26267004,0.29164594,0.44568396
2018-03-03,0.23434362,0.29526052,0.47039592
2018-03-20,0.2919711,0.28066704,0.4273619
2018-04-27,0.31061655,0.33255556,0.35682788
2018-05-18,0.2637958,0.24347544,0.49272877
2018-05-31,0.31678933,0.2481212,0.4350895
2018-06-19,0.29964572,0.32871875,0.37163547
2018-07-01,0.22729792,0.33403933,0.43866274
2018-07-11,0.2847119,0.33464602,0.3806421
2018-07-18,0.26372457,0.2746015,0.46167397
2018-07-19,0.3225317,0.30363932,0.37382895
2018-07-31,0.22973748,0.35320848,0.41705403
2018-08-01,0.3020787,0.26665604,0.43126523
2018-08-03,0.27164304,0.2592642,0.4690928
2018-08-20,0.31303415,0.28887197,0.39809388
2018-08-24,0.24204502,0.3638883,0.39406663
2018-09-04,0.23459762,0.33898407,0.42641827
2018-09-05,0.3362825,0.2674251,0.39629242
2018-10-16,0.28860262,0.29061773,0.42077968
2018-10-18,0.2474542,0.28738028,0.4651656
2018-10-30,0.23634486,0.32563195,0.43802318
2018-11-05,0.27112243,0.39062843,0.33824918
2018-11-26,0.27543423,0.27508783,0.44947797
2018-11-30,0.32048973,0.2685813,0.41092902
2018-12-12,0.28781188,0.33026117,0.38192686
2018-12-13,0.30459192,0.26632023,0.42908788
2018-12-17,0.27967998,0.31006277,0.41025725
2018-12-24,0.2380732,0.2889905,0.47293627
2018-12-28,0.3195368,0.30541822,0.375045
2018-12-29,0.22489397,0.33499658,0.44010943
2019-01-04,0.26267672,0.26046962,0.47685364
2019-01-10,0.30255395,0.29959834,0.39784768
2019-01-11,0.2874018,0.31394035,0.39865786
2019-01-15,0.3248373,0.30788606,0.36727664
2019-01-16,0.30274838,0.30286142,0.39439017
2019-01-21,0.3361209,0.2838921,0.37998694
2019-01-22,0.31098002,0.3357343,0.35328564
2019-01-30,0.32464364,0.2688978,0.40645856
2019-02-01,0.30669776,0.3204753,0.37282696
2019-02-12,0.26779145,0.3224041,0.4098045
2019-02-13,0.26760048,0.27264,0.45975953
2019-02-14,0.2654271,0.28204256,0.45253035
2019-02-15,0.2538734,0.3051091,0.44101745
2019-02-19,0.29168424,0.32446557,0.3838502
2019-02-22,0.28599396,0.28854153,0.42546445
2019-02-27,0.2743968,0.23929334,0.48630983
2019-03-05,0.2680257,0.2264481,0.5055262
2019-03-08,0.26687536,0.252201,0.48092365
2019-03-11,0.27610633,0.23154737,0.4923463
2019-03-13,0.2840418,0.3298189,0.38613933
2019-03-18,0.2771991,0.23560229,0.4871986
2019-03-20,0.26349112,0.37434044,0.3621684
2019-03-26,0.22986227,0.2827445,0.48739326
2019-03-29,0.271831,0.29430735,0.43386164
2019-04-01,0.22473213,0.3445572,0.43071067
2019-04-04,0.26047134,0.3097926,0.42973602
2019-04-12,0.25011766,0.34779873,0.40208364
2019-04-16,0.23880649,0.27410012,0.4870933
2019-04-30,0.25374112,0.32152382,0.4247351
2019-05-14,0.27291232,0.37322918,0.3538585
2019-05-18,0.28616792,0.3171584,0.39667368
2019-05-20,0.25393003,0.2847675,0.46130246
2019-05-21,0.24308157,0.30222374,0.4546947
2019-05-22,0.26277688,0.30694082,0.4302823
2019-05-24,0.2826959,0.3091227,0.4081814
2019-05-30,0.28347185,0.24991481,0.46661335
2019-05-31,0.26661092,0.29904366,0.43434548
2019-06-03,0.24774784,0.2734751,0.47877702
2019-06-05,0.22928801,0.27170092,0.4990111
2019-06-11,0.2811692,0.2588671,0.45996368
2019-06-12,0.26282814,0.24246807,0.4947038
2019-06-13,0.27794665,0.30036524,0.42168808
2019-06-14,0.27244496,0.3311353,0.39641976
2019-06-17,0.22681548,0.25326008,0.51992446
2019-06-19,0.20780534,0.3061256,0.48606905
2019-06-22,0.2957399,0.29307327,0.4111868
2019-06-24,0.286407,0.2825299,0.43106312
2019-06-26,0.27697888,0.24329682,0.47972432
2019-06-30,0.23712681,0.39923006,0.36364314
2019-07-04,0.27643445,0.24480608,0.47875947
2019-07-08,0.2823599,0.28505895,0.4325812
2019-07-10,0.24453755,0.30929476,0.4461677
2019-07-11,0.246174,0.28115845,0.47266757
2019-07-15,0.25548637,0.30505145,0.43946218
2019-07-16,0.23809819,0.31301266,0.44888914
2019-07-19,0.26760903,0.2910758,0.44131517
2019-07-20,0.26859367,0.3029373,0.42846903
2019-07-24,0.27683944,0.24315001,0.48001063
2019-07-31,0.27391753,0.26687884,0.45920357
2019-08-02,0.25105837,0.2797317,0.46920997
2019-08-03,0.2630937,0.29273546,0.4441709
2019-08-05,0.22771561,0.31849477,0.45378968
2019-08-08,0.27981365,0.27158397,0.44860238
2019-08-09,0.26943514,0.2874984,0.44306648
2019-08-12,0.26799083,0.27172846,0.46028072
2019-08-15,0.23495848,0.29184726,0.4731943
2019-08-21,0.25852537,0.27118242,0.4702922
2019-08-22,0.29070023,0.22677788,0.48252186
2019-08-23,0.28921694,0.2841192,0.42666385
2019-08-28,0.2491743,0.31412715,0.43669856
2019-08-29,0.28141925,0.27687612,0.44170463
2019-08-30,0.26762277,0.2760286,0.4563486
2019-09-05,0.24894202,0.30444825,0.44660977
2019-09-23,0.2719809,0.28786808,0.440151
2019-09-24,0.2509223,0.27559462,0.47348306
2019-09-26,0.2916844,0.22987594,0.4784396
2019-09-27,0.2699788,0.2621129,0.46790832
2019-09-30,0.23787525,0.30299425,0.4591305
2019-10-02,0.2903275,0.34989715,0.35977536
2019-10-07,0.2576547,0.28437412,0.4579712
2019-10-14,0.26597318,0.3072305,0.42679635
2019-10-16,0.23431645,0.32942373,0.4362598
2019-10-18,0.26973072,0.25385213,0.47641718
2019-10-23,0.22694385,0.38742822,0.38562793
2019-10-29,0.2445685,0.28148067,0.4739508
2019-10-30,0.27216414,0.27180186,0.45603397
2019-11-01,0.2512934,0.31209937,0.43660724
2019-11-02,0.26185858,0.28246233,0.4556791
2019-11-06,0.29167098,0.27725777,0.43107125
2019-11-11,0.25427392,0.28265718,0.46306884
2019-11-15,0.25560045,0.2850019,0.45939767
2019-11-20,0.28281102,0.25184062,0.46534836
2019-11-22,0.2780852,0.2726268,0.449288
2019-11-26,0.33118305,0.28537393,0.38344303
2019-11-27,0.3041388,0.25446272,0.44139847
2019-11-28,0.30217907,0.26054317,0.4372777
2019-11-30,0.24844988,0.27574188,0.47580826
2019-12-04,0.28065312,0.27272028,0.44662666
2019-12-06,0.27317566,0.24139223,0.48543212
2019-12-17,0.27829447,0.25915685,0.46254867
2019-12-18,0.26981443,0.2674143,0.4627713
2019-12-24,0.27712926,0.2795566,0.44331416
2019-12-25,0.29035255,0.3317376,0.37790984
2019-12-26,0.3141118,0.29325545,0.39263275
2019-12-30,0.25792205,0.24941637,0.4926616
2019-12-31,0.29269975,0.2944591,0.41284114
2020-01-04,0.28070784,0.29505864,0.4242336
2020-01-07,0.27571627,0.27334186,0.45094186
2020-01-10,0.26056385,0.39023918,0.34919697
2020-01-13,0.2689402,0.35899127,0.37206855
2020-02-03,0.2454588,0.26059175,0.49394944
2020-02-11,0.28616464,0.30000845,0.41382688
2020-02-12,0.27787274,0.348711,0.37341624
2020-02-19,0.2455721,0.3098406,0.4445873
2020-02-24,0.27539855,0.28399637,0.44060498
2020-03-03,0.24179792,0.29850703,0.45969504
2020-03-04,0.28886524,0.3504088,0.360726
2020-03-10,0.30071092,0.3200044,0.37928468
2020-03-19,0.2523022,0.31013215,0.43756562
2020-03-20,0.26219133,0.33746803,0.40034065
2020-03-25,0.2712031,0.29342425,0.4353726
2020-03-26,0.2582876,0.27180344,0.46990895
2020-04-02,0.27782828,0.2858969,0.43627474
2020-04-03,0.25242698,0.25551242,0.4920606
2020-04-08,0.23570167,0.35157722,0.41272113
2020-04-09,0.27664542,0.26173255,0.46162206
2020-04-10,0.23961608,0.28486153,0.47552234
2020-04-14,0.28735915,0.25159138,0.46104947
2020-04-16,0.27389035,0.26420832,0.4619013
2020-04-22,0.24681193,0.33596694,0.41722116
2020-04-23,0.26748678,0.254665,0.47784826
2020-04-24,0.2759191,0.31080222,0.41327867
2020-04-25,0.26415604,0.29515603,0.44068795
2020-04-27,0.22888564,0.26881808,0.5022963
2020-04-28,0.2500499,0.31289274,0.4370574
2020-04-30,0.2762948,0.2787295,0.4449757
2020-05-03,0.29269782,0.3542525,0.35304967
2020-05-04,0.2646851,0.3350983,0.4002166
2020-05-07,0.2652036,0.26129597,0.47350046
2020-05-11,0.30705425,0.25688592,0.4360598
2020-05-12,0.26581424,0.2634986,0.47068715
2020-05-13,0.26257136,0.23864496,0.49878365
2020-05-15,0.2604955,0.2840516,0.45545292
2020-05-19,0.23859124,0.3130113,0.4483975
2020-05-20,0.2314753,0.24556635,0.52295834
2020-05-22,0.26356927,0.3236831,0.41274768
2020-05-27,0.26517853,0.35419258,0.38062885
2020-05-28,0.21850394,0.33790037,0.4435957
2020-05-29,0.2597205,0.32088074,0.41939878
2020-05-31,0.2527674,0.33427233,0.41296023
2020-06-01,0.2591715,0.28399354,0.456835
2020-06-03,0.27272367,0.26476005,0.46251625
2020-06-04,0.23592035,0.29415828,0.46992144
2020-06-05,0.28876084,0.31371045,0.39752865
2020-06-09,0.28152686,0.28544807,0.433025
2020-06-10,0.22695212,0.2768258,0.4962221
2020-06-11,0.26537663,0.32450584,0.4101175
2020-06-15,0.2236793,0.3289027,0.44741806
2020-06-22,0.23592398,0.35074085,0.4133351
2020-06-25,0.2674834,0.30038512,0.43213153
2020-06-26,0.27116936,0.3509392,0.37789136
2020-06-27,0.2506155,0.32015377,0.42923072
2020-06-29,0.25826526,0.28891596,0.4528188
2020-06-30,0.28427705,0.26539764,0.4503253
2020-07-07,0.28347185,0.24991481,0.46661335
2020-07-09,0.3342762,0.3614943,0.30422947
2020-07-10,0.27391753,0.26687884,0.45920357
2020-07-15,0.2524773,0.28873837,0.45878434
2020-07-21,0.23953076,0.32369077,0.43677855
2020-07-22,0.25198272,0.35342446,0.39459282
2020-07-23,0.27566808,0.27817458,0.44615734
2020-07-24,0.23456627,0.34344998,0.4219837
2020-07-29,0.3077657,0.2806127,0.4116216
2020-07-30,0.2506893,0.2649794,0.48433128
2020-08-01,0.3124308,0.27939212,0.4081771
2020-08-04,0.27581078,0.27670515,0.44748408
2020-08-05,0.29867613,0.33707583,0.36424804
2020-08-11,0.2256149,0.3544363,0.41994882
2020-08-12,0.21154654,0.38255465,0.40589878
2020-08-13,0.2308757,0.34393197,0.4251923
2020-08-14,0.2716776,0.32451028,0.40381208
2020-08-18,0.27680913,0.28551957,0.4376713
2020-08-19,0.26799083,0.27172846,0.46028072
2020-08-20,0.22734503,0.2804539,0.49220103
2020-08-23,0.21935743,0.35583368,0.42480886
2020-08-24,0.28168827,0.27421135,0.44410035
2020-08-25,0.2906079,0.27186188,0.43753025
2020-08-26,0.26288056,0.24745816,0.48966128
2020-08-28,0.23159961,0.31771457,0.45068583
2020-09-03,0.26836565,0.36548635,0.36614797
2020-09-04,0.24955183,0.29792574,0.45252243
2020-09-09,0.22771561,0.31849477,0.45378968
2020-09-16,0.24518685,0.28534788,0.46946526
2020-09-17,0.2771299,0.29046667,0.43240342
2020-09-18,0.25620124,0.34249473,0.401304
2020-09-21,0.23289126,0.2829803,0.48412845
2020-09-23,0.29152316,0.33825722,0.37021965
2020-09-24,0.2701378,0.283071,0.44679117
2020-09-28,0.30924904,0.29656082,0.39419013
2020-09-29,0.3079239,0.27062976,0.4214463
2020-10-05,0.26524886,0.26453096,0.47022015
2020-10-06,0.26930046,0.31359786,0.41710168
2020-10-08,0.2774376,0.30749246,0.41507
2020-10-13,0.281803,0.31317604,0.40502095
2020-10-15,0.24666877,0.274377,0.47895426
2020-10-16,0.27942246,0.2879249,0.43265268
2020-10-20,0.24989267,0.3132493,0.43685803
2020-10-21,0.255799,0.34074983,0.4034512
2020-10-23,0.24429196,0.33672252,0.41898555
2020-10-28,0.28737402,0.27904162,0.43358433
2020-10-29,0.21955147,0.39597118,0.3844774
2020-10-30,0.2188211,0.30899274,0.47218615
2020-11-02,0.26471353,0.31048357,0.42480296
2020-11-03,0.23085746,0.27723765,0.4919048
2020-11-05,0.28803918,0.2817337,0.4302271
2020-11-06,0.27093858,0.32768127,0.40138015
2020-11-08,0.24282259,0.30882195,0.44835547
2020-11-09,0.26793772,0.25481248,0.47724977
2020-11-10,0.27216414,0.27180186,0.45603397
2020-11-11,0.21960828,0.34487072,0.435521
2020-11-12,0.2744454,0.24535179,0.4802028
2020-11-13,0.28782818,0.27114007,0.44103178
2020-11-16,0.26799262,0.28009772,0.45190963
2020-11-17,0.2199794,0.31537464,0.46464598
2020-11-19,0.24554352,0.3108301,0.4436264
2020-11-23,0.3002672,0.27425307,0.42547977
2020-11-24,0.2331589,0.30561036,0.46123073
2020-11-26,0.29475373,0.32696575,0.37828052
2020-11-27,0.2911932,0.2876922,0.42111462
2020-11-30,0.25294837,0.25096714,0.49608442
2020-12-01,0.25365862,0.30285186,0.44348952
2020-12-02,0.23839827,0.3292376,0.43236414
2020-12-03,0.27919954,0.29100102,0.42979947
2020-12-04,0.25181404,0.32114664,0.42703933
2020-12-05,0.21490835,0.36971012,0.41538158
2020-12-09,0.25874978,0.26798338,0.47326687
2020-12-10,0.2555349,0.3496179,0.39484724
2020-12-11,0.29155725,0.30549964,0.40294313
2020-12-13,0.20727563,0.36262423,0.43010014
2020-12-15,0.294326,0.31141263,0.39426133
2020-12-16,0.3053272,0.30004114,0.39463162
2020-12-17,0.29254773,0.28910694,0.4183453
2020-12-18,0.23379949,0.32633844,0.43986204
2020-12-19,0.32155234,0.2869699,0.39147776
2020-12-23,0.26014137,0.3289157,0.41094294
2020-12-24,0.25769928,0.27818242,0.46411833
2020-12-27,0.28835765,0.34127215,0.3703702
2020-12-28,0.24865973,0.3169942,0.43434608
2020-12-29,0.27772024,0.26402646,0.45825335
2020-12-31,0.27663103,0.28753066,0.4358383
2021-01-01,0.26106378,0.32464042,0.4142958
2021-01-02,0.26944843,0.3459991,0.38455242
2021-01-04,0.26812026,0.2542647,0.4776151
2021-01-05,0.24340455,0.32193017,0.43466523
2021-01-06,0.21452354,0.30630922,0.47916722
2021-01-07,0.25121576,0.32637995,0.4224043
2021-01-08,0.22412354,0.29509068,0.48078576
2021-01-09,0.26802754,0.31932366,0.4126488
2021-01-12,0.24869618,0.31410134,0.43720245
2021-01-14,0.23253042,0.310382,0.45708755
2021-01-15,0.24326475,0.32795572,0.4287795
2021-01-16,0.28733945,0.2681482,0.44451228
2021-01-18,0.23874451,0.2730726,0.48818284
2021-01-20,0.2380786,0.31786454,0.44405687
2021-01-22,0.27960342,0.2799738,0.44042277
2021-01-28,0.26277256,0.3288788,0.40834865
2021-01-31,0.23684867,0.4026696,0.36048174
2021-02-01,0.25582433,0.3007341,0.4434416
2021-02-02,0.2699366,0.2859642,0.4440992
2021-02-04,0.26499096,0.33599937,0.39900967
2021-02-05,0.26275787,0.2975618,0.4396803
2021-02-08,0.33545893,0.28377956,0.3807614
2021-02-10,0.2414233,0.30690578,0.45167089
2021-02-11,0.2924719,0.33947793,0.36805016
2021-02-15,0.25419343,0.39823106,0.3475755
2021-02-16,0.27486467,0.33418784,0.3909475
2021-02-18,0.25767025,0.32721213,0.4151176
2021-02-22,0.28787148,0.31307644,0.39905205
2021-02-24,0.28079295,0.3037398,0.41546726
2021-02-26,0.25144508,0.28862837,0.4599266
2021-03-02,0.26896605,0.31028783,0.42074612
2021-03-03,0.2608815,0.2821034,0.45701513
2021-03-04,0.24955183,0.29792574,0.45252243
2021-03-06,0.35144758,0.31831428,0.3302381
2021-03-08,0.26217628,0.27727237,0.46055132
2021-03-09,0.2419407,0.32344398,0.43461534
2021-03-10,0.29141867,0.3077101,0.40087125
2021-03-13,0.27119976,0.30034626,0.42845398
2021-03-15,0.2673557,0.2902512,0.44239306
2021-03-16,0.26150477,0.3202945,0.41820073
2021-03-18,0.23619933,0.31400526,0.4497954
2021-03-19,0.25686982,0.28177053,0.46135965
2021-03-20,0.30595082,0.34347644,0.35057274
2021-03-22,0.26001677,0.26971117,0.47027203
2021-03-25,0.25324282,0.2832248,0.4635324
2021-03-26,0.2229504,0.32621184,0.45083776
2021-03-27,0.2926015,0.32136488,0.38603362
2021-03-30,0.24021888,0.30579254,0.4539886
2021-03-31,0.251805,0.38716167,0.36103326
2021-04-02,0.23450533,0.37199602,0.39349863
2021-04-07,0.26229185,0.31636932,0.42133883
2021-04-08,0.25214863,0.30438733,0.44346404
2021-04-11,0.289703,0.271886,0.43841106
2021-04-12,0.25432232,0.34342253,0.40225518
2021-04-13,0.27058443,0.29375273,0.43566284
2021-04-15,0.24924305,0.300159,0.4505979
2021-04-16,0.24512942,0.2825432,0.4723274
2021-04-19,0.23805018,0.30798852,0.45396128
2021-04-21,0.2522109,0.30004257,0.44774652
2021-04-22,0.26068544,0.2728642,0.4664504
2021-04-23,0.2386267,0.33259743,0.4287759
2021-04-26,0.24222848,0.30276117,0.45501035
2021-05-01,0.23347662,0.3119705,0.4545529
2021-05-04,0.24955183,0.29792574,0.45252243
2021-05-05,0.22093503,0.42251164,0.35655338
2021-05-06,0.25989392,0.28135625,0.45874977
2021-05-10,0.265625,0.30073556,0.43363944
2021-05-11,0.2536547,0.29099655,0.45534873
2021-05-13,0.2750749,0.2841472,0.4407779
2021-05-14,0.2722887,0.28894317,0.43876806
2021-05-15,0.2834136,0.31305823,0.4035282
2021-05-17,0.2530724,0.3086577,0.4382699
2021-05-18,0.25991043,0.28600904,0.45408055
2021-05-19,0.2588652,0.37123576,0.369899
2021-05-20,0.27927762,0.3412137,0.37950864
2021-05-21,0.26021427,0.28953665,0.4502491
2021-05-24,0.25723198,0.33543715,0.40733087
2021-05-25,0.23336822,0.33236757,0.4342642
2021-05-26,0.20945741,0.38400215,0.4065405
2021-05-27,0.25518706,0.29173326,0.45307973
2021-05-28,0.2661355,0.2952609,0.43860358
2021-05-29,0.3020972,0.33949178,0.35841104
2021-05-31,0.26966637,0.2837409,0.4465927
2021-06-01,0.30130908,0.27486908,0.42382184
2021-06-02,0.29486248,0.29885846,0.40627903
2021-06-03,0.29783332,0.30071062,0.40145606
2021-06-04,0.2601822,0.3196979,0.42011994
2021-06-07,0.287379,0.29536125,0.41725972
2021-06-09,0.27377933,0.2958549,0.4303658
2021-06-10,0.23268265,0.3005914,0.46672595
2021-06-11,0.27417615,0.30859858,0.41722527
2021-06-13,0.2948358,0.3239137,0.3812505
2021-06-14,0.25432363,0.2873553,0.45832115
2021-06-15,0.2530331,0.28949824,0.4574687
2021-06-16,0.27849597,0.3375576,0.38394642
2021-06-17,0.2848063,0.31583655,0.39935714
2021-06-18,0.28354263,0.28805864,0.42839873
2021-06-21,0.27476722,0.32064822,0.4045846
2021-06-22,0.25934976,0.31088975,0.42976046
2021-06-23,0.21328692,0.33335713,0.45335597
2021-06-24,0.29210627,0.3459679,0.36192575
2021-06-25,0.26565245,0.25649446,0.47785306
2021-06-27,0.22191936,0.31871036,0.45937032
2021-06-28,0.29753533,0.3131823,0.38928235
2021-06-29,0.22447345,0.3113808,0.46414572
2021-06-30,0.24371186,0.33111623,0.4251719
2021-07-02,0.2693712,0.29037023,0.44025856
2021-07-03,0.26459888,0.34057274,0.3948284
2021-07-04,0.27352685,0.32030317,0.40616998
2021-07-05,0.2623872,0.2755081,0.4621047
2021-07-07,0.29847527,0.3010434,0.40048134
2021-07-08,0.24537702,0.33109018,0.42353275
2021-07-09,0.24527997,0.351644,0.40307602
2021-07-14,0.26716065,0.3273279,0.40551147
2021-07-16,0.22916563,0.325042,0.44579238
2021-07-22,0.2322001,0.3025168,0.46528307
2021-07-23,0.25782686,0.26165468,0.48051846
2021-07-25,0.20712948,0.30543008,0.48744044
2021-07-27,0.25913468,0.29559457,0.44527075
2021-07-29,0.2556743,0.29640138,0.44792435
2021-07-30,0.28368092,0.3004778,0.4158413
2021-08-01,0.2706015,0.32291406,0.40648443
2021-08-02,0.35059348,0.3307728,0.31863376
2021-08-03,0.23592035,0.29415828,0.46992144
2021-08-05,0.27266568,0.31949377,0.40784055
2021-08-06,0.26735935,0.27625662,0.45638403
2021-08-08,0.24294999,0.30105174,0.45599836
2021-08-09,0.2284937,0.29167053,0.47983578
2021-08-10,0.27550077,0.30762678,0.41687244
2021-08-11,0.25619313,0.2958695,0.44793737
2021-08-12,0.24747318,0.29711464,0.45541215
2021-08-13,0.2596958,0.28530967,0.45499456
2021-08-17,0.26457393,0.28665102,0.448775
2021-08-19,0.22734503,0.2804539,0.49220103
2021-08-20,0.24548608,0.34343523,0.4110787
2021-08-23,0.24391057,0.247113,0.50897646
2021-08-25,0.3149795,0.25646824,0.42855224
2021-08-26,0.27401972,0.29770452,0.42827573
2021-08-27,0.25972965,0.26792958,0.47234067
2021-08-29,0.25638878,0.28367168,0.45993957
2021-08-30,0.22784619,0.3008026,0.47135124
2021-08-31,0.2583861,0.32817674,0.4134372
2021-09-01,0.27313527,0.33659095,0.39027372
2021-09-02,0.254544,0.3064687,0.4389873
2021-09-03,0.253457,0.2628899,0.4836531
2021-09-04,0.28842506,0.336125,0.37544993
2021-09-05,0.2888464,0.29070488,0.4204487
2021-09-06,0.27990294,0.29639345,0.4237036
2021-09-07,0.25388137,0.30875725,0.43736142
2021-09-08,0.26775414,0.3065312,0.42571464
2021-09-09,0.24260211,0.31416056,0.4432373
2021-09-10,0.27393523,0.27505457,0.4510102
2021-09-12,0.2437874,0.32872757,0.42748505
2021-09-13,0.27901474,0.3445202,0.37646508
2021-09-14,0.24851929,0.31987837,0.43160227
2021-09-15,0.25323156,0.3212959,0.4254725
2021-09-16,0.23236592,0.33411524,0.4335189
2021-09-18,0.2683379,0.33202755,0.3996345
2021-09-21,0.26416808,0.27161115,0.4642208
2021-09-23,0.26539156,0.31246576,0.42214265
2021-09-24,0.2869221,0.308591,0.4044869
2021-09-25,0.2646149,0.27849182,0.45689327
2021-09-26,0.2790847,0.29806808,0.4228472
2021-09-28,0.24455586,0.2842986,0.47114554
2021-09-29,0.28633267,0.31174484,0.4019225
2021-10-01,0.25885272,0.2927429,0.4484044
2021-10-02,0.2979993,0.33646578,0.36553493
2021-10-04,0.2979993,0.33646578,0.36553493
2021-10-05,0.25948542,0.29960737,0.4409072
2021-10-07,0.2646703,0.26802588,0.4673038
2021-10-08,0.28363246,0.26623905,0.45012844
2021-10-09,0.25891086,0.3261986,0.41489053
2021-10-11,0.2620148,0.33698678,0.40099835
2021-10-14,0.2488401,0.3345787,0.4165812
2021-10-17,0.23456082,0.33334216,0.43209702
2021-10-18,0.2808342,0.34301496,0.37615088
2021-10-20,0.30589426,0.3014271,0.39267865
2021-10-21,0.25578865,0.28182456,0.46238688
2021-10-22,0.21078035,0.28542438,0.50379527
2021-10-24,0.23319049,0.32962388,0.43718565
2021-10-25,0.28740388,0.3133941,0.39920196
2021-10-26,0.25192878,0.26809022,0.47998095
2021-10-27,0.22822389,0.3440171,0.42775902
2021-10-28,0.20689559,0.31990317,0.47320122
2021-10-29,0.2686918,0.31492677,0.41638145
2021-10-31,0.22479023,0.28631672,0.48889303
2021-11-01,0.26705715,0.32113376,0.41180906
2021-11-02,0.28656104,0.29982752,0.41361138
2021-11-03,0.2544739,0.2846574,0.4608687
2021-11-04,0.24446888,0.32427147,0.43125963
2021-11-05,0.27984655,0.27920982,0.4409437
2021-11-06,0.2888337,0.28073052,0.43043578
2021-11-08,0.30562025,0.28647178,0.40790796
2021-11-09,0.27095783,0.30382526,0.4252169
2021-11-10,0.2506982,0.32117832,0.42812353
2021-11-11,0.272598,0.3035146,0.4238874
2021-11-12,0.2884859,0.32012334,0.3913907
2021-11-13,0.26510978,0.3337379,0.40115234
2021-11-15,0.24887364,0.30886123,0.44226515
2021-11-16,0.33060178,0.29545814,0.37394008
2021-11-17,0.30285197,0.30765194,0.3894961
2021-11-19,0.27091047,0.26726347,0.46182606
2021-11-22,0.24420969,0.34724823,0.4085421
2021-11-23,0.30613422,0.3051588,0.38870695
2021-11-24,0.30384356,0.33935577,0.35680068
2021-11-25,0.24446458,0.3065172,0.4490182
2021-11-26,0.25322455,0.28265765,0.46411777
2021-11-27,0.24645588,0.29224548,0.46129864
2021-11-28,0.2571558,0.3190515,0.42379275
2021-11-30,0.26253554,0.32340348,0.41406095
2021-12-01,0.25514346,0.2755208,0.4693357
2021-12-02,0.27754724,0.26897916,0.45347357
2021-12-03,0.28281617,0.31125733,0.40592647
2021-12-05,0.21121663,0.30003223,0.48875108
2021-12-06,0.26545718,0.2390639,0.49547893
2021-12-07,0.26276383,0.31630775,0.4209284
2021-12-10,0.22640853,0.29982346,0.4737681
2021-12-11,0.26675916,0.3352099,0.3980309
2021-12-12,0.23177406,0.3239135,0.44431245
2021-12-13,0.25216913,0.25961247,0.48821846
2021-12-14,0.27131566,0.31553245,0.4131519
2021-12-15,0.28486276,0.30371144,0.41142583
2021-12-16,0.3053272,0.30004114,0.39463162
2021-12-17,0.25158578,0.30978924,0.43862495
2021-12-18,0.26937366,0.3345198,0.39610645
2021-12-19,0.2582984,0.2797873,0.46191433
2021-12-20,0.23978725,0.29478756,0.4654252
2021-12-22,0.2625305,0.31050906,0.4269604
2021-12-23,0.25763044,0.30519357,0.437176
2021-12-24,0.27355242,0.33131024,0.39513737
2021-12-26,0.25431743,0.291154,0.4545285
2021-12-27,0.2774608,0.33614177,0.38639742
2021-12-28,0.23013401,0.34072372,0.42914227
2021-12-29,0.2892589,0.3034222,0.40731886
2021-12-30,0.24218771,0.30526835,0.45254397
2021-12-31,0.2552299,0.31060624,0.43416393
2022-01-01,0.29688382,0.299385,0.4037312
2022-01-02,0.24002549,0.2780332,0.48194134
2022-01-03,0.25023496,0.3247568,0.42500824
2022-01-04,0.28057727,0.28530878,0.43411395
2022-01-05,0.28516772,0.3141886,0.40064368
2022-01-06,0.24799447,0.29333088,0.45867467
2022-01-07,0.25826302,0.32226303,0.419474
2022-01-09,0.25839284,0.29845855,0.4431486
2022-01-10,0.24002568,0.3680464,0.39192793
2022-01-11,0.255802,0.33638343,0.40781456
2022-01-12,0.2896933,0.31642345,0.39388323
2022-01-13,0.23383942,0.29447433,0.47168627
2022-01-14,0.282525,0.30765456,0.40982047
2022-01-17,0.24997942,0.30656266,0.443458
2022-01-19,0.29206324,0.25684944,0.4510873
2022-01-20,0.24648748,0.2781002,0.4754123
2022-01-21,0.29331517,0.3052962,0.40138865
2022-01-22,0.23318103,0.2756944,0.49112457
2022-01-24,0.2394827,0.29035926,0.47015807
2022-01-25,0.2850182,0.30875292,0.4062289
2022-01-26,0.2760783,0.3198962,0.40402547
2022-01-27,0.292748,0.3329081,0.3743439
2022-01-28,0.24503048,0.3113465,0.44362304
2022-01-29,0.2606762,0.3331157,0.4062081
2022-02-01,0.29688707,0.2864339,0.416679
2022-02-03,0.24555035,0.28149065,0.47295895
2022-02-04,0.27616394,0.29071414,0.433122
2022-02-07,0.27029723,0.314769,0.4149338
2022-02-08,0.27376255,0.30277762,0.42345983
2022-02-10,0.23365311,0.34235835,0.42398843
2022-02-11,0.26819745,0.37333646,0.35846612
2022-02-12,0.23932731,0.26951784,0.49115482
2022-02-14,0.30537766,0.23271054,0.46191183
2022-02-15,0.27912077,0.27681103,0.44406822
2022-02-16,0.22488393,0.40505996,0.3700561
2022-02-17,0.28925392,0.29980096,0.41094512
2022-02-18,0.2637508,0.34832948,0.38791966
2022-02-22,0.24429494,0.26023552,0.49546957
2022-02-23,0.29646465,0.3100193,0.39351606
2022-02-24,0.24731857,0.28875622,0.4639252
2022-02-25,0.25570318,0.2814998,0.46279708
2022-02-26,0.25574705,0.34892026,0.39533272
2022-03-02,0.3049133,0.24214408,0.4529426
2022-03-03,0.2885964,0.31990483,0.39149874
2022-03-04,0.25655094,0.29195344,0.45149568
2022-03-05,0.21124806,0.3365069,0.45224506
2022-03-07,0.2778603,0.27106383,0.45107588
2022-03-08,0.30012107,0.29699665,0.40288222
2022-03-10,0.25237447,0.30747935,0.44014624
2022-03-11,0.263754,0.2798774,0.4563686
2022-03-14,0.25339362,0.28270933,0.46389702
2022-03-15,0.280316,0.35556713,0.36411688
2022-03-16,0.30098683,0.29952833,0.39948487
2022-03-17,0.2811385,0.2932985,0.425563
2022-03-18,0.283524,0.3051756,0.41130048
2022-03-19,0.318102,0.31559202,0.36630595
2022-03-21,0.23379785,0.30454695,0.4616552
2022-03-22,0.23630682,0.33621988,0.42747322
2022-03-23,0.27837643,0.30848333,0.4131402
2022-03-25,0.30648538,0.2926636,0.400851
2022-03-26,0.23932731,0.26951784,0.49115482
2022-03-28,0.29857063,0.2614735,0.43995592
2022-03-29,0.27109873,0.3210758,0.4078255
2022-03-30,0.2567076,0.2822952,0.46099713
2022-03-31,0.28396228,0.27053314,0.44550455
2022-04-01,0.25669312,0.29396003,0.44934687
2022-04-02,0.25489673,0.40276757,0.34233567
2022-04-03,0.26249102,0.32218844,0.41532058
2022-04-04,0.2745206,0.31385663,0.41162273
2022-04-06,0.2499991,0.28812718,0.4618737
2022-04-07,0.22420877,0.26368332,0.5121079
2022-04-08,0.31237698,0.3243123,0.36331072
2022-04-09,0.26798308,0.25672802,0.47528887
2022-04-10,0.27558228,0.34733692,0.37708077
2022-04-11,0.27877197,0.26939481,0.4518332
2022-04-12,0.23397917,0.3076437,0.45837712
2022-04-13,0.27586728,0.26965648,0.45447618
2022-04-14,0.26217628,0.27727237,0.46055132
2022-04-15,0.28167683,0.31516242,0.40316075
2022-04-17,0.25140575,0.35224012,0.39635414
2022-04-18,0.2655018,0.32131532,0.41318282
2022-04-19,0.24363555,0.4111265,0.3452379
2022-04-20,0.2799457,0.25880828,0.46124598
2022-04-21,0.28847066,0.28418195,0.4273474
2022-04-22,0.24623537,0.31852877,0.43523586
2022-04-25,0.2747414,0.32023805,0.40502048
2022-04-26,0.28533757,0.29008722,0.42457518
2022-04-27,0.25026074,0.28515044,0.4645888
2022-04-28,0.24905288,0.31417176,0.43677536
2022-04-30,0.29221267,0.36262023,0.3451671
2022-05-02,0.26573256,0.31721938,0.41704807
2022-05-04,0.253457,0.2628899,0.4836531
2022-05-06,0.24905092,0.3360051,0.414944
2022-05-07,0.25390643,0.36755732,0.37853625
2022-05-08,0.25753278,0.3695346,0.37293264
2022-05-09,0.2664003,0.36179867,0.37180102
2022-05-10,0.2689996,0.32318538,0.40781507
2022-05-11,0.27568695,0.3398362,0.38447684
2022-05-12,0.23364893,0.3149635,0.4513876
2022-05-13,0.2634355,0.29570732,0.44085723
2022-05-14,0.31228364,0.30154565,0.38617074
2022-05-15,0.26269287,0.3148353,0.42247176
2022-05-16,0.2805218,0.2970206,0.42245758
2022-05-17,0.24222848,0.30276117,0.45501035
2022-05-18,0.2926023,0.3468922,0.36050543
2022-05-19,0.3119201,0.26944655,0.4186334
2022-05-20,0.22352749,0.38252312,0.39394942
2022-05-21,0.29167038,0.33287317,0.37545648
2022-05-23,0.28251326,0.28875977,0.42872697
2022-05-24,0.27530572,0.3118643,0.41283
2022-05-25,0.27971214,0.30660322,0.4136846
2022-05-26,0.26968992,0.28671032,0.44359973
2022-05-28,0.23099461,0.31940052,0.44960487
2022-05-30,0.2999546,0.3092016,0.3908438
2022-05-31,0.26295882,0.33206147,0.40497968
2022-06-01,0.32155305,0.28722438,0.39122254
2022-06-02,0.2621985,0.37360868,0.3641928
2022-06-03,0.24171016,0.30993345,0.44835642
2022-06-04,0.23932731,0.26951784,0.49115482
2022-06-05,0.25364152,0.36584845,0.38050994
2022-06-07,0.27418336,0.23011681,0.49569976
2022-06-08,0.3173293,0.31325778,0.36941293
2022-06-09,0.28366992,0.29670072,0.41962934
2022-06-10,0.31009856,0.30547768,0.3844238
2022-06-13,0.2754532,0.28482252,0.43972427
2022-06-14,0.27220774,0.27594256,0.45184976
2022-06-15,0.27624738,0.33506265,0.3886899
2022-06-16,0.25784683,0.32060552,0.42154765
2022-06-17,0.27014807,0.25532222,0.4745297
2022-06-19,0.26346207,0.30580518,0.43073276
2022-06-20,0.2887979,0.2728954,0.43830675
2022-06-21,0.3019753,0.29463583,0.40338886
2022-06-22,0.23191482,0.3462585,0.42182663
2022-06-23,0.23896807,0.31013274,0.45089918
2022-06-24,0.29034814,0.28542933,0.42422253
2022-06-25,0.2596603,0.30173075,0.43860888
2022-06-27,0.23928216,0.30142117,0.45929667
2022-06-28,0.25677618,0.3000365,0.44318733
2022-06-29,0.25391653,0.3233946,0.4226889
2022-06-30,0.28075498,0.33074975,0.38849527
2022-07-01,0.2699851,0.2952766,0.43473825
2022-07-02,0.2796751,0.27925727,0.44106767
2022-07-03,0.239918,0.3072967,0.45278528
2022-07-04,0.2855149,0.2884115,0.42607367
2022-07-05,0.25589183,0.38774267,0.35636553
2022-07-06,0.26432937,0.32999295,0.4056777
2022-07-07,0.24135062,0.31724936,0.44139993
2022-07-08,0.276514,0.3210892,0.40239683
2022-07-09,0.27454117,0.2953073,0.43015155
2022-07-11,0.25500885,0.30809382,0.43689737
2022-07-12,0.24781056,0.25400904,0.49818036
2022-07-13,0.26349238,0.32993385,0.40657377
2022-07-14,0.24973552,0.34645626,0.4038082
2022-07-15,0.24401124,0.31580618,0.4401826
2022-07-16,0.2536987,0.31060478,0.43569648
2022-07-18,0.2273989,0.2953892,0.4772119
2022-07-19,0.2830325,0.31703034,0.39993715
2022-07-20,0.27222788,0.3112076,0.4165645
2022-07-21,0.27285263,0.3016401,0.4255073
2022-07-22,0.23278216,0.3153087,0.45190918
2022-07-23,0.23548043,0.326725,0.43779457
2022-07-25,0.24864602,0.2674777,0.48387635
2022-07-26,0.2718805,0.29083672,0.43728274
2022-07-27,0.26220793,0.303229,0.43456307
2022-07-28,0.2517488,0.2590837,0.4891675
2022-07-29,0.23849079,0.34658748,0.4149217
2022-07-30,0.26259124,0.2978329,0.43957582
2022-07-31,0.22351535,0.344548,0.43193665
2022-08-01,0.24438913,0.33300784,0.422603
2022-08-02,0.27479565,0.3069141,0.41829032
2022-08-03,0.2837338,0.33329374,0.38297248
2022-08-04,0.26289487,0.30183056,0.43527457
2022-08-05,0.24685864,0.31132817,0.4418132
2022-08-06,0.26282868,0.30455175,0.4326196
2022-08-08,0.22954309,0.33564734,0.43480954
2022-08-09,0.23348369,0.3120626,0.4544537
2022-08-10,0.27568763,0.31701586,0.4072965
2022-08-11,0.23880386,0.27832457,0.48287156
2022-08-12,0.28634793,0.3354563,0.37819576
2022-08-13,0.24342066,0.3382976,0.41828167
2022-08-14,0.26197577,0.34580284,0.39222136
2022-08-15,0.28485718,0.36055452,0.35458827
2022-08-16,0.28264967,0.3102993,0.407051
2022-08-17,0.25975442,0.31775144,0.42249414
2022-08-18,0.2736876,0.29602745,0.43028495
2022-08-19,0.2782451,0.31259736,0.40915754
2022-08-21,0.29025042,0.3063206,0.40342903
2022-08-22,0.28169835,0.30119157,0.4171101
2022-08-23,0.28454548,0.281582,0.43387252
2022-08-24,0.2825075,0.30240813,0.4150844
2022-08-25,0.27891377,0.29440105,0.4266852
2022-08-26,0.2522514,0.28915173,0.4585969
2022-08-27,0.2963904,0.32848358,0.37512603
2022-08-28,0.29743195,0.26912895,0.43343914
2022-08-29,0.25245935,0.2908225,0.4567182
2022-08-30,0.27208704,0.3391262,0.38878673
2022-08-31,0.25332543,0.32041973,0.42625484
2022-09-01,0.2697447,0.30381465,0.4264407
2022-09-02,0.25633124,0.30326355,0.44040525
2022-09-03,0.21801531,0.34194285,0.44004178
2022-09-05,0.24598992,0.30876368,0.4452464
2022-09-06,0.25972965,0.26792958,0.47234067
2022-09-07,0.25664145,0.2852303,0.4581282
2022-09-08,0.26926193,0.28766528,0.4430729
2022-09-12,0.25548795,0.27765352,0.46685857
2022-09-13,0.25646415,0.31316957,0.43036625
2022-09-14,0.2735244,0.3126986,0.41377696
2022-09-15,0.27319545,0.3039752,0.42282936
2022-09-16,0.28054386,0.2865924,0.43286374
2022-09-17,0.27318066,0.30341825,0.4234011
2022-09-19,0.2744788,0.29454082,0.4309804
2022-09-20,0.25549528,0.31702796,0.4274768
2022-09-21,0.24695277,0.32235718,0.43069005
2022-09-22,0.25350362,0.32511422,0.42138216
2022-09-23,0.26777515,0.31316867,0.4190562
2022-09-24,0.3088591,0.2912242,0.39991665
2022-09-26,0.26815227,0.33520105,0.3966467
2022-09-27,0.25162235,0.29508638,0.45329127
2022-09-28,0.27945447,0.30058643,0.41995913
2022-09-29,0.25750345,0.29090068,0.45159587
2022-09-30,0.32194284,0.27880883,0.39924833
2022-10-01,0.27268812,0.33607763,0.39123422
2022-10-02,0.25146836,0.37022638,0.37830526
2022-10-04,0.23172185,0.2971413,0.47113684
2022-10-05,0.281493,0.30113453,0.41737247
2022-10-06,0.22251442,0.3276988,0.44978678
2022-10-07,0.2648723,0.27931732,0.45581037
2022-10-08,0.2934904,0.3408978,0.3656118
2022-10-09,0.31927767,0.3029079,0.3778144
2022-10-10,0.2792802,0.27746135,0.44325846
2022-10-11,0.29704154,0.26682863,0.4361299
2022-10-12,0.24739179,0.31888026,0.43372795
2022-10-13,0.25414285,0.31094196,0.43491516
2022-10-14,0.25883183,0.32398427,0.41718388
2022-10-15,0.28208154,0.2854886,0.43242988
2022-10-17,0.2928363,0.3045747,0.402589
2022-10-18,0.260602,0.3116666,0.42773142
2022-10-19,0.2724427,0.292143,0.43541437
2022-10-20,0.25509953,0.29770723,0.44719324
2022-10-21,0.26398215,0.2913781,0.44463968
2022-10-22,0.31174242,0.2933432,0.39491445
2022-10-23,0.33176953,0.27396905,0.3942614
2022-10-24,0.2322779,0.29225776,0.47546434
2022-10-25,0.28730744,0.2811762,0.4315164
2022-10-26,0.26980066,0.30877137,0.42142797
2022-10-27,0.28851095,0.3002211,0.4112679
2022-10-28,0.24998315,0.31055024,0.4394666
2022-10-29,0.2771981,0.32716995,0.39563194
2022-10-31,0.27691135,0.30738205,0.4157066
2022-11-01,0.2589304,0.31865475,0.42241484
2022-11-02,0.2647312,0.3229905,0.41227832
2022-11-03,0.2628179,0.30922803,0.4279541
2022-11-04,0.24723983,0.32551876,0.4272414
2022-11-05,0.28429657,0.31864524,0.39705822
2022-11-06,0.30991113,0.2663455,0.42374334
2022-11-07,0.26479074,0.29101717,0.44419205
2022-11-08,0.27002028,0.3173466,0.41263312
2022-11-09,0.27474827,0.31437677,0.41087496
2022-11-10,0.2971834,0.31527007,0.3875465
2022-11-11,0.25534034,0.2978779,0.44678172
2022-11-12,0.30491537,0.3404741,0.3546105
2022-11-13,0.2343004,0.33255026,0.43314928
2022-11-14,0.23673506,0.29852796,0.46473694
2022-11-15,0.26043323,0.30288705,0.43667972
2022-11-16,0.2615575,0.303044,0.4353985
2022-11-17,0.264374,0.31389132,0.42173466
2022-11-18,0.25234613,0.2882825,0.45937133
2022-11-19,0.26266533,0.31686425,0.42047045
2022-11-21,0.2421034,0.3293775,0.42851907
2022-11-22,0.2697741,0.32700947,0.4032164
2022-11-23,0.28830472,0.30802807,0.40366718
2022-11-24,0.24743883,0.29317895,0.4593822
2022-11-25,0.27108496,0.32269892,0.4062161
2022-11-28,0.28669208,0.29975802,0.4135499
2022-11-29,0.28143564,0.30555326,0.41301113
2022-11-30,0.26768908,0.29039982,0.4419111
2022-12-01,0.2735467,0.29678366,0.42966965
2022-12-02,0.27409166,0.31295153,0.41295674
2022-12-03,0.2714223,0.31091082,0.4176669
2022-12-04,0.2926074,0.28429654,0.42309606
2022-12-05,0.27165934,0.2858191,0.4425215
2022-12-06,0.25187013,0.30369872,0.44443116
2022-12-07,0.26751488,0.3322973,0.40018782
2022-12-08,0.24624296,0.3115786,0.44217846
2022-12-09,0.23956399,0.32625708,0.43417892
2022-12-10,0.2659239,0.24977215,0.48430395
2022-12-12,0.27661282,0.32233313,0.40105402
2022-12-13,0.26770326,0.2996004,0.43269634
2022-12-14,0.24923308,0.28130224,0.46946472
2022-12-15,0.26013815,0.3082025,0.4316593
2022-12-16,0.27704516,0.29594383,0.42701098
2022-12-17,0.24572109,0.30366293,0.45061603
2022-12-18,0.26209474,0.29029065,0.4476146
2022-12-19,0.23679355,0.30657768,0.45662874
2022-12-20,0.2672526,0.3141107,0.41863668
2022-12-21,0.24382131,0.29770255,0.4584762
2022-12-22,0.26309305,0.33754367,0.3993633
2022-12-23,0.2483217,0.32874224,0.42293602
2022-12-24,0.28168544,0.2981403,0.42017424
2022-12-25,0.25590727,0.3348806,0.40921217
2022-12-26,0.27281258,0.3049979,0.42218956
2022-12-27,0.249781,0.32460257,0.42561644
2022-12-28,0.26050884,0.2887338,0.45075735
2022-12-29,0.26476383,0.3022032,0.4330329
2022-12-30,0.2774203,0.32331374,0.3992659
2022-12-31,0.25788927,0.33245724,0.40965348
2023-01-01,0.266631,0.33231226,0.40105674
2023-01-02,0.27486652,0.30536446,0.41976908
2023-01-03,0.25418597,0.335945,0.40986902
2023-01-04,0.26835495,0.31373167,0.41791338
2023-01-05,0.28437495,0.29792076,0.41770428
2023-01-06,0.25721565,0.32140353,0.42138082
2023-01-07,0.2805916,0.31662023,0.40278816
2023-01-08,0.27183178,0.31070518,0.417463
2023-01-09,0.26298434,0.31870165,0.418314
2023-01-10,0.26451153,0.3051558,0.43033266
2023-01-11,0.26339683,0.32319757,0.41340557
2023-01-12,0.27534556,0.319416,0.40523845
2023-01-13,0.26546454,0.31857732,0.4159581
2023-01-14,0.2983422,0.28602493,0.41563287
2023-01-15,0.25951102,0.30489996,0.43558905
2023-01-16,0.2721505,0.28616598,0.4416835
2023-01-17,0.26876888,0.3128898,0.41834134
2023-01-18,0.2823966,0.30805835,0.409545
2023-01-19,0.30816323,0.29818472,0.39365208
2023-01-20,0.2627899,0.32599118,0.41121894
2023-01-21,0.26757833,0.34868252,0.3837391
2023-01-23,0.26967648,0.366168,0.36415553
2023-01-24,0.27512607,0.30796644,0.4169075
2023-01-25,0.26704627,0.3169749,0.41597885
2023-01-26,0.2351023,0.32759246,0.4373052
2023-01-27,0.27212355,0.31916383,0.4087126
2023-01-28,0.2843404,0.30589178,0.40976778
2023-01-29,0.23032916,0.34559637,0.42407453
2023-01-30,0.25814745,0.3198385,0.4220141
2023-01-31,0.27276346,0.2981578,0.4290787
2023-02-01,0.2713886,0.30786145,0.42074996
2023-02-02,0.26004857,0.31984955,0.4201019
2023-02-03,0.27783516,0.30810228,0.41406256
2023-02-04,0.30660293,0.31245637,0.3809407
2023-02-05,0.29162708,0.30823004,0.40014288
2023-02-06,0.28611302,0.31396478,0.39992222
2023-02-07,0.27865395,0.31741673,0.40392932
2023-02-08,0.27225682,0.30690104,0.42084214
2023-02-09,0.2779492,0.31876746,0.40328336
2023-02-10,0.25509343,0.3218932,0.4230134
2023-02-11,0.26533958,0.33581495,0.3988455
2023-02-12,0.28662768,0.2936135,0.4197588
2023-02-13,0.28356695,0.30958933,0.40684375
2023-02-14,0.28344408,0.29783922,0.4187167
2023-02-15,0.24134605,0.31516987,0.44348407
2023-02-16,0.2601046,0.30058292,0.43931252
2023-02-17,0.26697487,0.32488924,0.40813595
2023-02-18,0.2841894,0.30194446,0.4138661
2023-02-19,0.26715392,0.30704048,0.42580557
2023-02-20,0.2583434,0.31328803,0.42836854
2023-02-21,0.2500563,0.32101744,0.42892626
2023-02-22,0.2824967,0.27424714,0.44325623
2023-02-23,0.2338279,0.32783982,0.43833226
2023-02-24,0.28056115,0.32818335,0.3912555
2023-02-25,0.23755318,0.27905452,0.4833923
2023-02-27,0.26734647,0.28457135,0.4480822
2023-02-28,0.26559165,0.302483,0.43192533
2023-03-01,0.3010652,0.3201186,0.3788162
2023-03-02,0.2700408,0.3211917,0.40876746
2023-03-03,0.27436963,0.32212555,0.40350485
2023-03-04,0.26701775,0.32037377,0.4126084
2023-03-05,0.35155964,0.30840042,0.34003997
2023-03-06,0.29375553,0.28400883,0.4222356
2023-03-07,0.28112456,0.3246925,0.39418295
2023-03-08,0.2703267,0.32648218,0.4031911
2023-03-09,0.27653506,0.29790583,0.4255591
2023-03-10,0.28352046,0.29476288,0.42171666
2023-03-11,0.252952,0.32548475,0.42156324
2023-03-12,0.3635129,0.29802456,0.33846253
2023-03-13,0.26596016,0.26940444,0.46463537
2023-03-14,0.27214384,0.3125795,0.41527665
2023-03-15,0.25058416,0.29508826,0.45432758
2023-03-16,0.28285155,0.3083707,0.40877774
2023-03-17,0.26530042,0.33162558,0.40307397
2023-03-18,0.2825796,0.2682547,0.4491657
2023-03-19,0.33963847,0.32594442,0.33441716
2023-03-20,0.27178812,0.30577695,0.4224349
2023-03-21,0.268316,0.30252028,0.4291637
2023-03-22,0.2593823,0.331237,0.4093807
2023-03-23,0.24847853,0.30929345,0.44222802
2023-03-24,0.28301027,0.29273728,0.42425245
2023-03-25,0.21480106,0.3813685,0.40383044
2023-03-26,0.21561041,0.3684196,0.41596994
2023-03-27,0.25316846,0.33136675,0.4154648
2023-03-28,0.26228377,0.31761545,0.42010075
2023-03-29,0.27539062,0.32429963,0.40030974
2023-03-30,0.26081046,0.3082393,0.43095025
2023-03-31,0.2678117,0.31367093,0.41851735
2023-04-01,0.28042188,0.339041,0.3805371
2023-04-02,0.2684199,0.3235354,0.4080447
2023-04-03,0.29307076,0.303741,0.40318823
2023-04-04,0.28231236,0.2907667,0.42692095
2023-04-05,0.27600068,0.30027062,0.4237287
2023-04-06,0.2707153,0.2959403,0.4333444
2023-04-07,0.29009828,0.30617398,0.40372774
2023-04-08,0.21938738,0.32344887,0.45716372
2023-04-09,0.28767565,0.3149554,0.39736894
2023-04-10,0.25879872,0.3090676,0.4321337
2023-04-11,0.26043025,0.34413478,0.395435
2023-04-12,0.28772694,0.29941684,0.41285622
2023-04-13,0.26993293,0.30039072,0.42967635
2023-04-14,0.28350973,0.3248907,0.39159957
2023-04-15,0.3237847,0.3369498,0.33926544
2023-04-17,0.2842934,0.30428043,0.41142616
2023-04-18,0.28646362,0.31948864,0.3940477
2023-04-19,0.2765947,0.3090835,0.41432178
2023-04-20,0.29152495,0.28236517,0.42610988
2023-04-21,0.26495677,0.30441642,0.43062678
2023-04-22,0.3192279,0.3207624,0.36000976
2023-04-23,0.2918067,0.31914106,0.38905227
2023-04-24,0.27485242,0.290614,0.4345336
2023-04-25,0.25495735,0.2972857,0.44775698
2023-04-26,0.28494436,0.29511163,0.419944
2023-04-27,0.26192823,0.3194697,0.41860202
2023-04-28,0.29390016,0.29037124,0.4157286
2023-04-29,0.30106312,0.30666363,0.3922732
2023-05-01,0.2747167,0.32805106,0.3972323
2023-05-02,0.27903813,0.30637783,0.41458404
2023-05-03,0.27943528,0.3183138,0.40225092
2023-05-04,0.26908454,0.30007866,0.4308368
2023-05-05,0.2836774,0.2917976,0.424525
2023-05-06,0.29681382,0.28688967,0.41629642
2023-05-07,0.25869048,0.31766677,0.4236427
2023-05-08,0.29364946,0.3234613,0.38288927
2023-05-09,0.25014374,0.3359669,0.41388932
2023-05-10,0.28151843,0.3139847,0.40449685
2023-05-11,0.29181346,0.2912967,0.4168899
2023-05-12,0.2697518,0.2843306,0.44591755
2023-05-13,0.26715708,0.30858508,0.42425784
2023-05-14,0.29224735,0.32844797,0.37930468
2023-05-15,0.29334164,0.28897443,0.417684
2023-05-16,0.28362745,0.296675,0.41969752
2023-05-17,0.27278432,0.30639857,0.42081708
2023-05-18,0.27296254,0.27956086,0.4474766
2023-05-19,0.27321404,0.28894702,0.43783894
2023-05-22,0.26242676,0.3283387,0.40923452
2023-05-23,0.28558412,0.29757747,0.4168384
2023-05-24,0.28443235,0.2863926,0.42917505
2023-05-25,0.27622667,0.2823989,0.44137445
2023-05-26,0.28122687,0.29322103,0.42555213
2023-05-27,0.3134497,0.29733863,0.38921165
2023-05-29,0.29519436,0.3012693,0.40353635
2023-05-30,0.29930982,0.30001742,0.4006728
2023-05-31,0.25606772,0.35249615,0.39143613
2023-06-01,0.2885491,0.31128466,0.40016624
2023-06-02,0.27855808,0.30524024,0.41620168
2023-06-03,0.2706231,0.29039326,0.43898365
2023-06-04,0.24722794,0.32080725,0.4319648
2023-06-05,0.2809058,0.30732706,0.41176713
2023-06-06,0.26334307,0.32719854,0.4094584
2023-06-07,0.2926746,0.29676268,0.4105627
2023-06-08,0.2903783,0.30641365,0.40320805
2023-06-09,0.27826843,0.27799696,0.4437346
2023-06-10,0.29124537,0.2874484,0.4213062
2023-06-11,0.25624102,0.3797306,0.3640284
2023-06-12,0.27674142,0.28604028,0.43721828
2023-06-13,0.27459675,0.3000238,0.42537943
2023-06-14,0.27455866,0.30566204,0.41977927
2023-06-15,0.30826217,0.30395606,0.38778177
2023-06-16,0.2944027,0.29184502,0.41375226
2023-06-19,0.251125,0.30655158,0.44232342
2023-06-20,0.2833647,0.2917264,0.42490888
2023-06-21,0.2542237,0.2857549,0.4600214
2023-06-22,0.25161248,0.32947898,0.41890854
2023-06-23,0.27442443,0.31402,0.41155553
2023-06-24,0.29144725,0.32948974,0.37906298
2023-06-25,0.29268605,0.30301106,0.4043029
2023-06-26,0.25189945,0.28585884,0.46224168
2023-06-27,0.2605751,0.31215394,0.427271
2023-06-28,0.26921922,0.2950319,0.43574885
2023-06-29,0.25197345,0.34024265,0.4077839
2023-06-30,0.24807906,0.29958835,0.45233262
2023-07-01,0.30814976,0.30476692,0.38708332
2023-07-02,0.3144971,0.31099653,0.37450638
2023-07-03,0.3105499,0.29845923,0.39099088
2023-07-04,0.28537738,0.2944893,0.42013332
2023-07-05,0.2591984,0.29853988,0.44226176
2023-07-06,0.27420044,0.294677,0.4311226
2023-07-07,0.2581367,0.32977194,0.41209137
2023-07-08,0.27437502,0.32207435,0.40355062
2023-07-09,0.2892661,0.3416799,0.36905396
2023-07-10,0.27445722,0.32969305,0.39584973
2023-07-11,0.26963848,0.29418167,0.43617982
2023-07-12,0.28927225,0.30971676,0.401011
2023-07-13,0.26787993,0.32273167,0.4093884
2023-07-14,0.27758154,0.2940792,0.42833927
2023-07-15,0.27207705,0.2889865,0.43893644
2023-07-17,0.27835923,0.30220306,0.41943765
2023-07-18,0.25314918,0.32860476,0.41824603
2023-07-19,0.25831926,0.34154123,0.4001395
2023-07-20,0.29154456,0.28753117,0.4209243
2023-07-21,0.2599057,0.33391815,0.40617615
2023-07-24,0.2633654,0.2412206,0.49541393
2023-07-25,0.2836108,0.2919357,0.42445353
2023-07-26,0.2681063,0.28758913,0.44430453
2023-07-27,0.25307158,0.32895893,0.4179695
2023-07-28,0.23928036,0.31434652,0.44637313
2023-07-29,0.32001904,0.31762686,0.36235407
2023-07-30,0.28911296,0.2950463,0.41584077
2023-07-31,0.28384066,0.31558645,0.4005729
2023-08-01,0.28235632,0.30523917,0.41240454
2023-08-02,0.26298982,0.30108953,0.43592066
2023-08-03,0.27550805,0.32722953,0.39726245
2023-08-04,0.26788098,0.324737,0.40738204
2023-08-05,0.2676656,0.3421822,0.39015222
2023-08-06,0.2275927,0.43752658,0.33488074
2023-08-07,0.2847305,0.29658398,0.41868556
2023-08-08,0.2692222,0.32753992,0.40323788
2023-08-09,0.2880879,0.30062565,0.4112864
2023-08-10,0.2739407,0.30519447,0.42086482
2023-08-11,0.26750562,0.30757034,0.42492405
2023-08-12,0.27056187,0.3414334,0.3880047
2023-08-13,0.28286034,0.3117689,0.40537083
2023-08-14,0.27634457,0.31535432,0.4083011
2023-08-15,0.31482372,0.29632995,0.3888463
2023-08-16,0.30452424,0.29478985,0.40068588
2023-08-17,0.26711604,0.32223517,0.4106488
2023-08-18,0.2376323,0.3534354,0.40893233
2023-08-19,0.26003984,0.29951704,0.44044313
2023-08-20,0.20199135,0.30943945,0.48856914
2023-08-21,0.27704576,0.3352637,0.38769054
2023-08-22,0.31377113,0.22607777,0.46015114
2023-08-23,0.26549068,0.31859857,0.41591075
2023-08-24,0.2819187,0.28780973,0.43027157
2023-08-25,0.26647684,0.30353492,0.42998824
2023-08-26,0.26523733,0.31084344,0.42391923
2023-08-27,0.30644086,0.33432803,0.35923117
2023-08-28,0.25751835,0.3320882,0.41039345
2023-08-29,0.27088028,0.3124742,0.41664553
2023-08-30,0.26773316,0.31022778,0.42203903
2023-08-31,0.2687168,0.30091757,0.43036565
2023-09-01,0.27927127,0.31169924,0.40902948
2023-09-02,0.2702202,0.31071177,0.419068
2023-09-03,0.2658145,0.35892263,0.37526283
2023-09-04,0.27058703,0.33756715,0.3918458
2023-09-05,0.2762292,0.29972956,0.42404124
2023-09-06,0.2673626,0.304962,0.42767543
2023-09-07,0.2679972,0.29981074,0.43219206
2023-09-08,0.28336477,0.32164815,0.39498708
2023-09-09,0.27336678,0.29869506,0.42793813
2023-09-10,0.32077152,0.3222006,0.35702783
2023-09-11,0.2810314,0.29975024,0.41921836
2023-09-12,0.25840133,0.29790056,0.44369808
2023-09-13,0.25820735,0.32085928,0.42093337
2023-09-14,0.26526746,0.30067328,0.43405923
2023-09-15,0.27428514,0.2982131,0.42750174
2023-09-16,0.26384708,0.29805034,0.43810257
2023-09-17,0.27660215,0.29725596,0.4261419
2023-09-18,0.27072102,0.30251932,0.4267597
2023-09-19,0.26572967,0.31536326,0.41890705
2023-09-20,0.28569958,0.2960722,0.4182282
2023-09-21,0.27376845,0.29456547,0.43166608
2023-09-22,0.26779073,0.3201651,0.41204417
2023-09-23,0.24321075,0.32711053,0.4296787
2023-09-24,0.2791675,0.2972585,0.423574
2023-09-25,0.26931304,0.3073158,0.42337114
2023-09-26,0.25477389,0.31670964,0.4285165
2023-09-27,0.2749061,0.30848834,0.41660556
2023-09-28,0.28743124,0.30028504,0.41228372
2023-09-30,0.2532134,0.3208269,0.42595974
2023-10-01,0.25658917,0.2977056,0.44570532
2023-10-02,0.27822733,0.30382487,0.41794786
2023-10-03,0.2823317,0.2663615,0.45130682
2023-10-04,0.25924033,0.32064325,0.42011642
2023-10-05,0.3026826,0.29964685,0.39767054
2023-10-06,0.28692833,0.3052385,0.40783322
2023-10-07,0.27904218,0.3279266,0.3930312
2023-10-10,0.2756177,0.32813182,0.39625058
2023-10-11,0.2626063,0.32229087,0.41510287
2023-10-12,0.29495513,0.29279792,0.4122469
2023-10-13,0.25988024,0.3099155,0.4302042
2023-10-14,0.2654766,0.31210682,0.42241654
2023-10-15,0.28217217,0.30478585,0.41304198
2023-10-16,0.25204715,0.330822,0.41713086
2023-10-17,0.27583715,0.28581816,0.43834466
2023-10-18,0.26118425,0.30439666,0.4344191
2023-10-19,0.2691858,0.30470914,0.42610505
2023-10-20,0.27284777,0.31708837,0.41006386
2023-10-21,0.26809427,0.28167236,0.45023337
2023-10-23,0.2865071,0.28792694,0.425566
2023-10-24,0.27442226,0.2962281,0.42934963
2023-10-25,0.26978427,0.28618473,0.44403094
2023-10-26,0.2662363,0.3115673,0.42219636
2023-10-27,0.27932864,0.30992955,0.4107418
2023-10-28,0.28169814,0.324684,0.39361793
2023-10-29,0.25325644,0.2847092,0.46203434
2023-10-30,0.28043467,0.29205576,0.42750955
2023-10-31,0.26590404,0.31950697,0.41458902
2023-11-01,0.27148122,0.30726925,0.42124957
2023-11-02,0.27608532,0.3034142,0.42050046
2023-11-03,0.26453763,0.33125553,0.40420684
2023-11-04,0.28395775,0.30942988,0.40661237
2023-11-05,0.26478815,0.3025759,0.43263593
2023-11-06,0.27911952,0.30265683,0.41822365
2023-11-07,0.27522042,0.31727502,0.40750456
2023-11-08,0.28538406,0.3041078,0.41050816
2023-11-09,0.27917418,0.3067161,0.41410974
2023-11-10,0.28279585,0.30069014,0.416514
2023-11-11,0.2648706,0.3458793,0.38925013
2023-11-12,0.26820835,0.35105148,0.38074014
2023-11-13,0.28051183,0.31217268,0.4073155
2023-11-14,0.28649017,0.30681887,0.40669098
2023-11-15,0.27711585,0.30931923,0.41356492
2023-11-16,0.257526,0.31750393,0.42497006
2023-11-17,0.27205214,0.32008097,0.40786693
2023-11-18,0.2582322,0.317966,0.42380175
2023-11-19,0.25349152,0.31054503,0.43596342
2023-11-20,0.28210264,0.30687433,0.411023
2023-11-21,0.2927299,0.30447456,0.40279552
2023-11-22,0.26888543,0.2977553,0.4333593
2023-11-23,0.2561114,0.3195349,0.4243537
2023-11-24,0.26275998,0.3147179,0.4225221
2023-11-25,0.24784559,0.3644195,0.3877349
2023-11-26,0.28878072,0.33878192,0.3724374
2023-11-27,0.28387102,0.2990343,0.4170947
2023-11-28,0.2798491,0.30102688,0.419124
2023-11-29,0.2782616,0.3135275,0.4082109
2023-11-30,0.28352445,0.29988885,0.41658673
2023-12-01,0.2748319,0.31144288,0.41372526
2023-12-02,0.29768062,0.29866207,0.40365738
2023-12-03,0.2734164,0.3188971,0.40768647
2023-12-04,0.2799734,0.294489,0.4255376
2023-12-05,0.27301943,0.30632475,0.4206558
2023-12-06,0.27883086,0.30454212,0.41662702
2023-12-07,0.28443637,0.3114061,0.40415752
2023-12-08,0.28296065,0.3158388,0.40120053
2023-12-09,0.30480778,0.28973296,0.40545928
2023-12-10,0.28966817,0.30775765,0.40257418
2023-12-11,0.26701042,0.32289022,0.41009933
2023-12-12,0.27566764,0.3220626,0.40226975
2023-12-13,0.27630556,0.3076543,0.41604018
2023-12-14,0.2776752,0.3056203,0.4167045
2023-12-15,0.2593903,0.30917278,0.43143696
2023-12-16,0.25673562,0.31530046,0.42796388
2023-12-17,0.2781806,0.33027005,0.39154935
2023-12-18,0.27162874,0.30562803,0.42274323
2023-12-19,0.26562726,0.31979427,0.4145785
2023-12-20,0.27835903,0.30494037,0.41670063
2023-12-21,0.28929037,0.30579868,0.40491095
2023-12-22,0.27917442,0.32099572,0.39982986
2023-12-23,0.28874496,0.3167777,0.39447734
2023-12-24,0.26200256,0.3547555,0.38324192
2023-12-25,0.28158638,0.31523228,0.40318134
2023-12-26,0.28754625,0.30527273,0.40718105
2023-12-27,0.29839933,0.29668644,0.40491426
2023-12-28,0.28735512,0.31523547,0.39740938
2023-12-29,0.28573745,0.31017888,0.40408364
2023-12-30,0.27057898,0.31715176,0.41226926
2023-12-31,0.2886486,0.33275345,0.37859794
2024-01-01,0.28032416,0.31167728,0.40799856
2024-01-02,0.28231606,0.31775355,0.3999304
2024-01-03,0.27656892,0.31644577,0.4069853
2024-01-04,0.27408114,0.3150892,0.41082966
2024-01-05,0.27826318,0.30075404,0.42098275
2024-01-06,0.2852611,0.3170157,0.3977232
2024-01-07,0.27817613,0.32216346,0.3996604
2024-01-08,0.28012913,0.30431,0.41556084
2024-01-09,0.2875542,0.30639458,0.40605125
2024-01-10,0.28406793,0.3065462,0.40938586
2024-01-11,0.28356454,0.31155476,0.40488073
2024-01-12,0.27471185,0.3208198,0.4044684
2024-01-13,0.26917803,0.3308021,0.40001982
2024-01-14,0.26241776,0.333336,0.40424624
2024-01-15,0.27712467,0.3083786,0.4144967
2024-01-16,0.26420212,0.3030125,0.43278542
2024-01-17,0.28947884,0.30444413,0.406077
2024-01-18,0.29073557,0.30917755,0.40008688
2024-01-19,0.2856302,0.30686614,0.40750366
2024-01-20,0.2743741,0.33288378,0.39274216
2024-01-21,0.2763878,0.3222339,0.40137827
2024-01-22,0.28377035,0.3061898,0.4100398
2024-01-23,0.28867647,0.31267923,0.39864433
2024-01-24,0.28586307,0.31914598,0.39499095
2024-01-25,0.28216538,0.31412858,0.403706
2024-01-26,0.2777228,0.3124718,0.40980536
2024-01-27,0.26013294,0.32024434,0.41962272
2024-01-28,0.2722452,0.3367089,0.39104593
2024-01-29,0.28064907,0.30432886,0.4150221
2024-01-30,0.27755597,0.3204927,0.40195128
2024-01-31,0.28288826,0.32075864,0.3963531
2024-02-01,0.27594787,0.3104866,0.41356552
2024-02-02,0.2788298,0.3189396,0.4022306
2024-02-03,0.28514245,0.30526248,0.40959504
2024-02-04,0.28456187,0.3421307,0.37330744
2024-02-05,0.28274024,0.31366223,0.40359753
2024-02-06,0.27759492,0.33299506,0.38941
2024-02-07,0.28513128,0.3141272,0.40074152
2024-02-08,0.26922402,0.313127,0.417649
2024-02-09,0.28429073,0.30420792,0.41150135
2024-02-10,0.24858671,0.32969257,0.4217207
2024-02-11,0.25793812,0.3254872,0.41657466
2024-02-12,0.28425437,0.3106855,0.4050601
2024-02-13,0.28979102,0.3070773,0.40313172
2024-02-14,0.2841632,0.31161836,0.40421847
2024-02-15,0.277946,0.3181675,0.40388653
2024-02-16,0.28741723,0.31215835,0.40042445
2024-02-17,0.2636089,0.32725075,0.40914035
2024-02-18,0.27037603,0.30541062,0.42421335
2024-02-19,0.28179458,0.31409338,0.40411204
2024-02-20,0.2675746,0.3180623,0.4143631
2024-02-21,0.28132856,0.31533837,0.4033331
2024-02-22,0.28611314,0.31125215,0.4026347
2024-02-23,0.27602994,0.3199915,0.4039786
2024-02-24,0.2828981,0.30887616,0.40822574
2024-02-25,0.28732494,0.30069935,0.41197565
2024-02-26,0.28873217,0.30694667,0.4043212
2024-02-27,0.28557608,0.31393182,0.40049207
2024-02-28,0.290399,0.294994,0.41460696
2024-02-29,0.28490448,0.3316496,0.38344595
2024-03-01,0.2791128,0.31855863,0.40232858
2024-03-02,0.29404375,0.31563017,0.3903261
2024-03-03,0.2575458,0.35229564,0.39015856
2024-03-04,0.2947906,0.3073127,0.3978967
2024-03-05,0.28746802,0.2991987,0.41333333
2024-03-06,0.28966227,0.3044456,0.40589213
2024-03-07,0.27574182,0.31071392,0.41354427
2024-03-08,0.2755273,0.30235314,0.42211953
2024-03-09,0.26206172,0.31212077,0.42581752
2024-03-10,0.27816883,0.29620373,0.42562747
2024-03-11,0.29568088,0.30888638,0.39543274
2024-03-12,0.28440854,0.31713533,0.3984561
2024-03-13,0.26140124,0.3324325,0.40616626
2024-03-14,0.27898794,0.3199981,0.40101397
2024-03-15,0.28094542,0.30595475,0.41309983
2024-03-16,0.26996982,0.31269494,0.41733524
2024-03-17,0.26541388,0.31298125,0.4216049
2024-03-18,0.2820378,0.30180788,0.41615433
2024-03-19,0.28449795,0.31288365,0.4026184
2024-03-20,0.27307913,0.32182857,0.40509233
2024-03-21,0.27323088,0.32147855,0.4052906
2024-03-22,0.2865714,0.32626098,0.3871676
2024-03-23,0.29932544,0.32351413,0.3771604
2024-03-24,0.29060203,0.30762255,0.40177545
2024-03-25,0.29790658,0.30035836,0.4017351
2024-03-26,0.2973138,0.3197753,0.38291085
2024-03-27,0.2979742,0.31718707,0.38483873
2024-03-28,0.29520816,0.30914384,0.395648
2024-03-29,0.2985417,0.3023033,0.399155
2024-03-30,0.27468255,0.32491595,0.40040147
2024-03-31,0.2539107,0.33725062,0.4088387
2024-04-01,0.27384534,0.31301418,0.41314045
2024-04-02,0.29012385,0.31079835,0.3990778
2024-04-03,0.2851505,0.30605876,0.40879077
2024-04-04,0.26923683,0.31163386,0.41912934
2024-04-05,0.2815953,0.31703213,0.40137258
2024-04-06,0.2715548,0.3065836,0.42186162
2024-04-07,0.31201708,0.29223353,0.39574936
2024-04-08,0.277948,0.30130273,0.42074925
2024-04-09,0.27642843,0.31786045,0.4057111
2024-04-10,0.27761328,0.3260178,0.39636895
2024-04-11,0.30120215,0.31238186,0.386416
2024-04-12,0.2917358,0.30785847,0.4004057
2024-04-13,0.2783089,0.3074541,0.414237
2024-04-14,0.30083212,0.293368,0.40579987
2024-04-15,0.26653594,0.32140017,0.41206393
2024-04-16,0.28543264,0.31092212,0.40364525
2024-04-17,0.27921525,0.3120287,0.40875605
2024-04-18,0.28852144,0.31651694,0.39496157
2024-04-19,0.28626227,0.30261704,0.41112068
2024-04-20,0.27982295,0.33095685,0.38922024
2024-04-21,0.3132797,0.315803,0.37091732
2024-04-22,0.2803462,0.31111842,0.40853536
2024-04-23,0.29647887,0.29599386,0.40752724
2024-04-24,0.2704495,0.3226428,0.4069077
2024-04-25,0.28824556,0.31878194,0.39297253
2024-04-26,0.27440983,0.3070569,0.41853327
2024-04-27,0.2824597,0.31919414,0.39834613
2024-04-28,0.28053394,0.305683,0.41378307
2024-04-29,0.2664329,0.3001302,0.4334369
2024-04-30,0.27545202,0.3075309,0.4170171
2024-05-01,0.26567858,0.320899,0.4134224
2024-05-02,0.27783915,0.30822068,0.41394016
2024-05-03,0.27537364,0.31006345,0.4145629
2024-05-04,0.29586536,0.31116903,0.3929656
2024-05-05,0.27849397,0.30789986,0.41360617
2024-05-06,0.25004673,0.34394997,0.4060033
2024-05-07,0.27832142,0.31090844,0.41077018
2024-05-08,0.27223647,0.31595805,0.41180548
2024-05-09,0.2640315,0.2959083,0.44006017
2024-05-10,0.26774055,0.31406888,0.4181906
2024-05-11,0.22947215,0.36262274,0.40790513
2024-05-12,0.2974348,0.29665095,0.40591422
2024-05-13,0.2907853,0.30611274,0.40310195
2024-05-14,0.283984,0.30938485,0.40663117
2024-05-15,0.27784628,0.30855158,0.41360217
2024-05-16,0.28474933,0.3017231,0.41352755
2024-05-17,0.2876877,0.29996717,0.41234514
2024-05-18,0.30741963,0.32139188,0.37118846
2024-05-19,0.275643,0.3017904,0.42256665
2024-05-20,0.27646804,0.32085252,0.40267947
2024-05-21,0.25518632,0.31697202,0.4278417
2024-05-22,0.27353638,0.3137002,0.41276342
2024-05-23,0.2830299,0.3217196,0.3952505
2024-05-24,0.25859246,0.3215393,0.41986823
2024-05-25,0.27268115,0.3406684,0.38665044
2024-05-26,0.29824358,0.26710612,0.43465033
2024-05-27,0.28269386,0.30324918,0.41405696
2024-05-28,0.27048326,0.30897787,0.42053887
2024-05-29,0.28067437,0.32218555,0.3971401
2024-05-30,0.2850377,0.3119171,0.4030452
2024-05-31,0.27832893,0.32216117,0.39950988
2024-06-01,0.25589,0.32090843,0.42320156
2024-06-02,0.2758742,0.32168686,0.40243894
2024-06-03,0.28239778,0.3117488,0.40585342
2024-06-04,0.2756492,0.31641638,0.40793443
2024-06-05,0.2718375,0.306578,0.42158446
2024-06-06,0.28323013,0.3093118,0.4074581
2024-06-07,0.28920272,0.3246566,0.38614064
2024-06-08,0.2754719,0.32913586,0.39539224
2024-06-09,0.28573096,0.33209708,0.38217193
2024-06-10,0.2767671,0.3162166,0.4070163
2024-06-11,0.28234512,0.30509862,0.4125563
2024-06-12,0.2726158,0.3053467,0.42203748
2024-06-13,0.28417966,0.31222898,0.40359136
2024-06-14,0.26711345,0.31827953,0.414607
2024-06-15,0.27712324,0.3162104,0.40666634
2024-06-16,0.2877458,0.32012665,0.39212757
2024-06-17,0.29531112,0.3134385,0.3912504
2024-06-18,0.3357556,0.28803113,0.37621328
2024-06-19,0.299589,0.30919787,0.39121315
2024-06-20,0.26149282,0.3229105,0.4155967
2024-06-21,0.2752605,0.30349052,0.42124894
2024-06-22,0.2660196,0.29434752,0.43963286
2024-06-23,0.3310981,0.28974918,0.37915266
2024-06-24,0.29406837,0.311544,0.39438763
2024-06-25,0.280335,0.30675068,0.41291434
2024-06-26,0.28875723,0.31781062,0.39343214
2024-06-27,0.28212446,0.30032626,0.4175493
2024-06-28,0.28250846,0.3072341,0.41025743
2024-06-29,0.27148712,0.33574933,0.39276356
2024-06-30,0.2699553,0.34043956,0.38960513
2024-07-01,0.27960145,0.30882794,0.41157058
2024-07-02,0.27728742,0.29796445,0.42474815
2024-07-03,0.2773641,0.30983868,0.4127972
2024-07-04,0.27778894,0.3077164,0.41449463
2024-07-05,0.27929103,0.31205016,0.4086588
2024-07-06,0.25297967,0.32942265,0.4175977
2024-07-07,0.25767064,0.34366962,0.3986597
2024-07-08,0.27492526,0.30300996,0.42206478
2024-07-09,0.2772432,0.30792788,0.41482893
2024-07-10,0.27293143,0.3216957,0.40537292
2024-07-11,0.27142093,0.33076346,0.39781556
2024-07-12,0.2676075,0.33457956,0.39781296
2024-07-13,0.274311,0.3390735,0.38661548
2024-07-14,0.25367865,0.29199496,0.4543264
2024-07-15,0.2855854,0.301201,0.4132136
2024-07-16,0.25762084,0.33036143,0.41201773
2024-07-17,0.28790623,0.29939505,0.41269872
2024-07-18,0.288471,0.31439072,0.39713827
2024-07-19,0.27642372,0.32605284,0.3975235
2024-07-20,0.2876267,0.34111193,0.3712614
2024-07-21,0.28196958,0.32052183,0.39750856
2024-07-22,0.28206244,0.31321582,0.40472177
2024-07-23,0.27017823,0.31359237,0.4162294
2024-07-24,0.270678,0.32009485,0.40922713
2024-07-25,0.2701928,0.2896307,0.4401765
2024-07-26,0.28202602,0.3137718,0.40420216
2024-07-27,0.30475155,0.3135956,0.38165283
2024-07-28,0.29288498,0.31859285,0.38852215
2024-07-29,0.2701533,0.31650117,0.41334552
2024-07-30,0.27155933,0.31258062,0.41586006
2024-07-31,0.27382413,0.3116325,0.41454336
2024-08-01,0.27389058,0.3184356,0.40767384
2024-08-02,0.2838559,0.3174463,0.39869782
2024-08-03,0.2878041,0.32169497,0.39050093
2024-08-04,0.2850754,0.31556,0.3993646
2024-08-05,0.26537424,0.32180014,0.41282558
2024-08-06,0.26554748,0.31956714,0.41488537
2024-08-07,0.27543354,0.3054419,0.4191246
2024-08-08,0.2701928,0.3136055,0.41620174
2024-08-09,0.27742252,0.30793732,0.41464016
2024-08-10,0.26334527,0.3176419,0.4190128
2024-08-11,0.29334423,0.3146114,0.39204434
2024-08-12,0.2738187,0.31717393,0.40900734
2024-08-13,0.27962908,0.33554587,0.38482508
2024-08-14,0.2723547,0.31580478,0.41184053
2024-08-15,0.27999148,0.31213978,0.4078688
2024-08-16,0.2795704,0.32024315,0.40018648
2024-08-17,0.29453784,0.32661504,0.3788471
2024-08-18,0.30312,0.27835706,0.41852298
2024-08-19,0.27920774,0.30563557,0.4151567
2024-08-20,0.27165028,0.31743923,0.4109105
2024-08-21,0.26495752,0.33024964,0.40479285
2024-08-22,0.2700757,0.3201728,0.4097515
2024-08-23,0.2845828,0.30697638,0.40844086
2024-08-24,0.26294544,0.30701274,0.43004182
2024-08-25,0.28475747,0.31509838,0.40014416
2024-08-26,0.28028917,0.30158165,0.41812918
2024-08-27,0.2786279,0.30214083,0.41923127
2024-08-28,0.27836412,0.30654103,0.41509488
2024-08-29,0.26917723,0.31406477,0.41675797
2024-08-30,0.28210628,0.32028398,0.3976097
2024-08-31,0.2901149,0.32510096,0.38478413
2024-09-01,0.2832103,0.31664708,0.4001426
2024-09-02,0.28624457,0.30198392,0.4117715
2024-09-03,0.2755924,0.30496448,0.41944313
2024-09-04,0.27580816,0.3260894,0.3981024
2024-09-05,0.27530682,0.308489,0.41620424
2024-09-06,0.28478476,0.31135172,0.40386355
2024-09-07,0.27829412,0.32921886,0.39248705
2024-09-08,0.31242406,0.29831666,0.38925922
2024-09-09,0.27670625,0.3214374,0.40185642
2024-09-10,0.27546245,0.31383786,0.41069964
2024-09-11,0.28822204,0.32137156,0.3904064
2024-09-12,0.28369957,0.31961158,0.39668882
2024-09-13,0.2758138,0.3145844,0.4096018
2024-09-14,0.2783721,0.30486777,0.41676012
2024-09-15,0.32564652,0.32065365,0.3536998
2024-09-16,0.285682,0.30977562,0.40454236
2024-09-17,0.28228992,0.3256039,0.39210615
2024-09-18,0.2928029,0.3441255,0.3630716
2024-09-19,0.27237952,0.31367025,0.41395023
2024-09-20,0.2733777,0.31434274,0.4122796
2024-09-21,0.2756129,0.32117411,0.403213
2024-09-22,0.29554948,0.30946267,0.39498782
2024-09-23,0.28012183,0.3218909,0.39798725
2024-09-24,0.28046322,0.30610248,0.41343433
2024-09-25,0.28032762,0.30624297,0.4134294
2024-09-26,0.28014788,0.32102203,0.3988301
2024-09-27,0.28877926,0.3140382,0.39718255
2024-09-28,0.29307607,0.33189103,0.37503293
2024-09-29,0.30202374,0.33084902,0.3671272
2024-09-30,0.27461776,0.3228415,0.40254074
2024-10-01,0.29228923,0.31607285,0.39163792
2024-10-02,0.27745855,0.3201929,0.40234852
2024-10-03,0.29799327,0.32744804,0.37455866
2024-10-04,0.27694136,0.3164168,0.40664187
2024-10-05,0.28678662,0.32254565,0.39066777
2024-10-06,0.2858145,0.3144315,0.39975405
2024-10-07,0.2924532,0.3081722,0.39937457
2024-10-08,0.27960172,0.30009097,0.42030737
2024-10-09,0.28267998,0.3186896,0.39863044
2024-10-10,0.2804824,0.31574574,0.40377188
2024-10-11,0.2802642,0.32880268,0.39093313
2024-10-12,0.2957375,0.33848605,0.36577645
2024-10-13,0.29407066,0.30447263,0.4014567
2024-10-14,0.27501127,0.3093418,0.41564694
2024-10-15,0.27569735,0.31079566,0.41350695
2024-10-16,0.27558324,0.31415373,0.41026303
2024-10-17,0.2945915,0.2936844,0.41172412
2024-10-18,0.2799008,0.30826637,0.4118328
2024-10-19,0.29718202,0.3161707,0.38664728
2024-10-20,0.27832386,0.31009093,0.41158518
2024-10-21,0.2918531,0.30311444,0.40503246
2024-10-22,0.2713252,0.31552774,0.41314706
2024-10-23,0.2756979,0.31447253,0.40982962
2024-10-24,0.2713868,0.3197064,0.40890676
2024-10-25,0.28429684,0.31928214,0.39642105
2024-10-26,0.2900575,0.3048802,0.40506232
2024-10-27,0.29631254,0.3207446,0.38294286
2024-10-28,0.27832758,0.3322057,0.38946667
2024-10-29,0.27789703,0.32818764,0.39391533
2024-10-30,0.27240345,0.32248303,0.40511358
2024-10-31,0.27493915,0.31773064,0.40733024
2024-11-01,0.271307,0.32545704,0.40323597
2024-11-02,0.27645868,0.3395587,0.38398263
2024-11-03,0.28114152,0.32846522,0.39039326
2024-11-04,0.28694472,0.29979914,0.4132561
2024-11-05,0.27662423,0.31289127,0.4104845
2024-11-06,0.27829883,0.332737,0.38896415
2024-11-07,0.2754426,0.3183991,0.40615827
2024-11-08,0.28360438,0.3267627,0.3896329
2024-11-09,0.27516443,0.34052506,0.3843105
2024-11-10,0.285276,0.32021323,0.39451078
2024-11-11,0.28223783,0.33526865,0.38249353
2024-11-12,0.27376494,0.31885472,0.40738034
2024-11-13,0.28960514,0.31594583,0.39444903
2024-11-14,0.27567288,0.3046079,0.41971922
2024-11-15,0.29193494,0.30749983,0.40056524
2024-11-16,0.28227553,0.30665916,0.41106528
2024-11-17,0.3112603,0.27660492,0.4121348
2024-11-18,0.28006312,0.3130176,0.4069193
2024-11-19,0.27016026,0.31917748,0.4106623
2024-11-20,0.27225316,0.31766775,0.4100791
2024-11-21,0.27432844,0.31422454,0.41144702
2024-11-22,0.2771277,0.32707536,0.3957969
2024-11-23,0.28092083,0.31519577,0.4038834
2024-11-24,0.27817386,0.33887145,0.3829547
2024-11-25,0.29417032,0.328113,0.3777167
2024-11-26,0.28620896,0.30811006,0.40568098
2024-11-27,0.28921,0.32673857,0.38405144
2024-11-28,0.28565937,0.33653265,0.377808
2024-11-29,0.26616248,0.32138127,0.41245627
2024-11-30,0.26517832,0.31524318,0.41957846
2024-12-01,0.30292207,0.31025654,0.38682142
2024-12-02,0.27541244,0.33122286,0.39336476
2024-12-03,0.27746618,0.32985333,0.39268053
2024-12-04,0.28140664,0.32379365,0.3947997
2024-12-05,0.2701432,0.32147866,0.40837815
2024-12-06,0.2824725,0.30197415,0.4155534
2024-12-07,0.27006406,0.32431173,0.4056242
2024-12-08,0.32803178,0.30297595,0.36899227
2024-12-09,0.26609823,0.32137817,0.4125236
2024-12-10,0.2828669,0.30727863,0.40985447
2024-12-11,0.2779912,0.31412444,0.40788436
2024-12-12,0.2780412,0.30604416,0.4159146
2024-12-13,0.28809756,0.31518942,0.39671302
2024-12-14,0.29405382,0.3146497,0.3912965
2024-12-15,0.30709493,0.28335258,0.4095525
2024-12-16,0.27334046,0.30819577,0.41846374
2024-12-17,0.27891016,0.31410414,0.40698573
2024-12-18,0.27560395,0.31531948,0.40907657
2024-12-19,0.2736152,0.3115182,0.4148666
2024-12-20,0.27436188,0.31534633,0.4102918
2024-12-21,0.27650106,0.3262683,0.39723068
2024-12-22,0.2906008,0.30425584,0.40514335
2024-12-23,0.27478456,0.3274619,0.3977535
2024-12-24,0.27990848,0.31120348,0.408888
2024-12-25,0.27211782,0.32872,0.3991622
2024-12-26,0.27292475,0.3121403,0.414935
2024-12-27,0.2738695,0.3083303,0.4178002
2024-12-28,0.27850753,0.31720096,0.4042915
2024-12-29,0.27169827,0.32166353,0.40663823
2024-12-30,0.2741702,0.3204871,0.4053427
2024-12-31,0.27320468,0.3206184,0.40617695
2025-01-01,0.27923054,0.32252666,0.3982428
2025-01-02,0.28308937,0.30947566,0.40743497
2025-01-03,0.27515355,0.32304266,0.40180376
2025-01-04,0.2714261,0.3148826,0.41369125
2025-01-05,0.28797796,0.31155547,0.40046653
2025-01-06,0.27227828,0.32155588,0.40616584
2025-01-07,0.27546474,0.32313603,0.40139922
2025-01-08,0.28636762,0.32456812,0.38906428
2025-01-09,0.2639325,0.32592082,0.41014668
2025-01-10,0.27005473,0.3145203,0.41542497
2025-01-11,0.2739522,0.31373787,0.41230997
2025-01-12,0.27687764,0.31538054,0.4077418
2025-01-13,0.27566546,0.32258034,0.4017542
2025-01-14,0.2763492,0.30639437,0.4172564
2025-01-15,0.27337947,0.31990346,0.40671706
2025-01-16,0.28076586,0.32445922,0.3947749
2025-01-17,0.26632255,0.32562184,0.4080556
2025-01-18,0.26148847,0.3413587,0.39715284
2025-01-19,0.27581626,0.3112264,0.41295734
2025-01-20,0.27097982,0.31886017,0.41016
2025-01-21,0.26959708,0.33140478,0.3989981
2025-01-22,0.26654288,0.333871,0.39958608
2025-01-23,0.26886705,0.31862652,0.41250643
2025-01-24,0.26950103,0.32754552,0.40295345
2025-01-25,0.2735996,0.32177213,0.40462828
2025-01-26,0.28159702,0.325509,0.39289397
2025-01-27,0.27962032,0.31747696,0.4029027
2025-01-28,0.28178605,0.3337895,0.38442448
2025-01-29,0.29500848,0.32896507,0.37602648
2025-01-30,0.2512004,0.33269623,0.41610336
2025-01-31,0.27983683,0.3290246,0.39113855
2025-02-01,0.27034003,0.33247074,0.39718923
2025-02-02,0.28429344,0.31406096,0.40164563
2025-02-03,0.28119606,0.31338778,0.40541616
2025-02-04,0.27099612,0.31877005,0.41023383
2025-02-05,0.27636734,0.31234714,0.41128552
2025-02-06,0.27476352,0.32209057,0.40314588
2025-02-07,0.27549115,0.3314973,0.39301154
2025-02-08,0.25682718,0.33174893,0.41142386
2025-02-09,0.2696965,0.33607957,0.39422393
2025-02-10,0.27682766,0.32348952,0.39968282
2025-02-11,0.26809222,0.31955743,0.4123504
2025-02-12,0.2679197,0.32711196,0.40496835
2025-02-13,0.27329832,0.32232177,0.4043799
2025-02-14,0.269258,0.32827395,0.40246806
2025-02-15,0.28533995,0.32209432,0.39256573
2025-02-16,0.27155972,0.34185487,0.3865854
2025-02-17,0.2751672,0.3267364,0.3980964
2025-02-18,0.26637992,0.32895386,0.40466622
2025-02-19,0.27699578,0.32298046,0.40002376
2025-02-20,0.26525262,0.32776442,0.40698296
2025-02-21,0.27183175,0.33170527,0.39646295
2025-02-22,0.27480024,0.3241009,0.40109882
2025-02-23,0.29383078,0.3160933,0.39007592
2025-02-24,0.26950786,0.32087216,0.40961996
2025-02-25,0.26932973,0.32305634,0.40761393
2025-02-26,0.26864764,0.33485112,0.39650124
2025-02-27,0.27139527,0.32920855,0.39939618
2025-02-28,0.27891397,0.31951156,0.40157446
2025-03-01,0.27207646,0.32034552,0.40757802
2025-03-02,0.29040745,0.3123287,0.39726385
2025-03-03,0.2836991,0.3097257,0.4065752
2025-03-04,0.27289245,0.31126428,0.41584325
2025-03-05,0.2623497,0.33038983,0.40726045
2025-03-06,0.27498734,0.32024547,0.4047672
2025-03-07,0.2774096,0.31584832,0.40674204
2025-03-08,0.27583387,0.3249174,0.39924872
2025-03-09,0.28709972,0.32923278,0.38366753
2025-03-10,0.2790606,0.32238704,0.39855236
2025-03-11,0.27834675,0.30655023,0.41510302
2025-03-12,0.27525696,0.3286521,0.39609092
2025-03-13,0.27260804,0.33682466,0.3905673
2025-03-14,0.26552668,0.3207447,0.4137286
2025-03-15,0.28059366,0.32000625,0.3994001
2025-03-16,0.26551452,0.32167712,0.41280833
2025-03-17,0.27417067,0.31528452,0.41054487
2025-03-18,0.26974952,0.31666875,0.41358176
2025-03-19,0.26605105,0.31740126,0.4165477
2025-03-20,0.2710743,0.32500854,0.40391716
2025-03-21,0.27228838,0.31660867,0.41110295
2025-03-22,0.27645862,0.32557946,0.3979619
2025-03-23,0.28575963,0.30692,0.4073204
2025-03-24,0.27256978,0.32360357,0.40382662
2025-03-25,0.27088675,0.31951857,0.40959468
2025-03-26,0.2715703,0.32584065,0.40258908
2025-03-27,0.2743495,0.32459962,0.40105084
2025-03-28,0.28305036,0.3100512,0.40689844
2025-03-29,0.27920714,0.3122551,0.40853772
2025-03-30,0.28683025,0.31536698,0.39780277
2025-03-31,0.27713823,0.3254764,0.39738533
2025-04-01,0.26611134,0.31832963,0.41555902
2025-04-02,0.27289355,0.31955624,0.40755025
2025-04-03,0.26605508,0.32358742,0.4103575
2025-04-04,0.28347296,0.3115598,0.40496725
2025-04-05,0.28475437,0.31748745,0.3977582
2025-04-06,0.28951395,0.31795293,0.3925331
2025-04-07,0.26125053,0.3207961,0.4179534
2025-04-08,0.25889105,0.3330136,0.40809533
2025-04-09,0.2785375,0.31638333,0.40507916
2025-04-10,0.28668463,0.3206909,0.39262444
2025-04-11,0.276827,0.3128409,0.41033208
2025-04-12,0.2681854,0.31878603,0.41302854
2025-04-13,0.28173837,0.31162223,0.40663937
2025-04-14,0.27424076,0.31617492,0.40958428
2025-04-15,0.2797035,0.32252538,0.39777115
2025-04-16,0.26462203,0.34097883,0.39439917
2025-04-17,0.26819468,0.34015173,0.3916536
2025-04-18,0.27245614,0.3260144,0.40152943
2025-04-19,0.27667773,0.30696973,0.41635254
2025-04-20,0.27945447,0.3354452,0.3851003
2025-04-21,0.28350323,0.32697868,0.38951808
2025-04-22,0.26995423,0.32147995,0.40856582
2025-04-23,0.26150563,0.32002127,0.4184731
2025-04-24,0.272346,0.3218765,0.40577748
2025-04-25,0.27253202,0.31546885,0.41199917
2025-04-26,0.2708521,0.30418277,0.42496514
2025-04-27,0.27546245,0.32131702,0.4032205
2025-04-28,0.27975523,0.31748855,0.40275618
2025-04-29,0.27628803,0.32262018,0.40109178
2025-04-30,0.27232885,0.32452774,0.40314344
2025-05-01,0.27084953,0.3356665,0.39348397
2025-05-02,0.28147104,0.3247751,0.3937539
2025-05-03,0.2594555,0.32937306,0.4111715
2025-05-04,0.28901947,0.323132,0.38784856
2025-05-05,0.2787884,0.31998426,0.40122736
2025-05-06,0.2577712,0.32576016,0.41646868
2025-05-07,0.28234324,0.31472602,0.4029307
2025-05-08,0.27996302,0.31214824,0.40788874
2025-05-09,0.27008373,0.32433257,0.4055837
2025-05-10,0.26735196,0.3316308,0.40101725
2025-05-11,0.27629006,0.34107748,0.3826325
2025-05-12,0.2778484,0.3514651,0.3706865
2025-05-13,0.2694399,0.32248208,0.408078
2025-05-14,0.27783328,0.32604367,0.39612308
