Date,gold_usd,usd_krw_rate,wti_usd,gold_krw,wti_krw
2023-01-02,1823.69,1269.03,80.53,2314317.3207,102194.9859
2023-01-03,1839.49,1279.1,77.14,2352891.659,98669.77399999999
2023-01-04,1854.09,1270.98,73.42,2356511.3082,93315.35160000001
2023-01-05,1833.19,1274.26,74.02,2335960.6894,94320.7252
2023-01-06,1865.71,1253.5,73.75,2338667.485,92445.625
2023-01-09,1871.59,1239.28,74.73,2319424.0552,92611.3944
2023-01-10,1877.27,1240.8,74.62,2329316.616,92588.496
2023-01-11,1876.38,1242.5,77.73,2331402.15,96579.52500000001
2023-01-12,1896.86,1239.12,78.36,2350437.1632,97097.4432
2023-01-13,1920.21,1237.26,80.11,2375799.0246,99116.8986
2023-01-16,1918.0,1241.61,78.84,2381407.98,97888.5324
2023-01-17,1908.39,1237.34,80.75,2361327.2826,99915.20499999999
2023-01-18,1903.76,1237.69,79.25,2356264.7144,98086.93250000001
2023-01-19,1931.39,1232.21,80.83,2379878.0719000003,99599.5343
2023-01-20,1926.57,1228.86,81.53,2367484.8101999997,100188.9558
2023-01-23,1931.3,1229.97,81.44,2375441.061,100168.7568
2023-01-24,1937.45,1232.57,80.02,2388042.7465,98630.2514
2023-01-25,1945.93,1232.57,80.36,2398494.9401,99049.32519999999
2023-01-26,1928.99,1231.84,81.0,2376207.0415999996,99779.04
2023-01-27,1927.34,1229.62,79.27,2369895.8107999996,97471.97739999999
2023-01-30,1922.52,1231.46,77.83,2367506.4792,95844.5318
2023-01-31,1927.88,1233.3,79.03,2377654.404,97467.699
2023-02-01,1950.42,1222.28,76.7,2383959.3576,93748.876
2023-02-02,1912.37,1224.78,75.86,2342232.5286,92911.81079999999
2023-02-03,1865.53,1247.46,73.1,2327174.0538,91189.326
2023-02-06,1867.36,1260.25,74.44,2353340.44,93813.01
2023-02-07,1873.81,1255.68,77.45,2352905.7408000003,97252.41600000001
2023-02-08,1875.59,1260.46,78.42,2364106.1714,98845.27320000001
2023-02-09,1861.39,1264.44,77.61,2353615.9716000003,98133.1884
2023-02-10,1864.67,1267.45,79.68,2363375.9915,100990.41600000001
2023-02-13,1853.39,1272.89,79.19,2359161.5971000004,100800.1591
2023-02-14,1854.29,1272.53,78.79,2359639.6536999997,100262.63870000001
2023-02-15,1836.19,1283.54,78.55,2356823.3126,100822.067
2023-02-16,1837.44,1289.51,77.84,2369397.2544,100375.4584
2023-02-17,1841.59,1295.87,76.31,2386461.2332999995,98887.8397
2023-02-20,1841.14,1296.04,77.11,2386191.0856,99937.64439999999
2023-02-21,1834.32,1305.75,76.05,2395163.34,99302.28749999999
2023-02-22,1825.04,1302.65,73.8,2377388.356,96135.57
2023-02-23,1822.64,1297.89,75.47,2365586.2296,97951.7583
2023-02-24,1810.81,1314.45,76.31,2380219.2045,100305.67950000001
2023-02-27,1817.31,1317.4,75.6,2394124.194,99595.44
2023-02-28,1827.15,1323.02,76.53,2417355.9930000002,101250.7206
2023-03-01,1836.81,1305.41,77.52,2397790.1421000003,101195.3832
2023-03-02,1836.0,1310.97,77.81,2406940.92,102006.5757
2023-03-03,1854.97,1295.73,79.75,2403540.2781,103334.4675
2023-03-06,1846.85,1296.86,80.42,2395105.891,104293.4812
2023-03-07,1813.52,1318.29,77.16,2390745.2808,101719.2564
2023-03-08,1813.59,1316.38,76.48,2387373.6042,100676.74240000002
2023-03-09,1830.89,1325.51,75.38,2426863.0039,99916.9438
2023-03-10,1867.83,1320.24,76.57,2465983.8792,101090.77679999999
2023-03-13,1913.23,1296.58,74.53,2480655.7534,96634.1074
2023-03-14,1902.12,1304.55,71.77,2481410.6459999997,93627.5535
2023-03-15,1918.1,1313.04,68.16,2518542.0239999997,89496.80639999999
2023-03-16,1919.12,1300.85,68.31,2496487.252,88861.0635
2023-03-17,1987.93,1308.37,66.36,2600947.9740999998,86823.43319999998
2023-03-20,1978.71,1304.36,67.47,2580950.1755999997,88005.16919999999
2023-03-21,1940.15,1303.42,69.31,2528830.313,90340.0402
2023-03-22,1969.58,1297.85,69.92,2556219.403,90745.67199999999
2023-03-23,1993.5,1286.23,69.39,2564099.505,89251.4997
2023-03-24,1977.22,1294.66,69.1,2559827.6452,89461.006
2023-03-27,1956.56,1297.92,72.88,2539458.3552,94592.4096
2023-03-28,1973.69,1297.04,73.61,2559954.8776,95475.11439999999
2023-03-29,1964.04,1305.3,72.77,2563661.412,94986.681
2023-03-30,1980.25,1296.55,74.25,2567493.1374999997,96268.8375
2023-03-31,1967.9,1306.11,75.57,2570293.869,98702.73269999998
2023-04-03,1984.11,1308.58,80.36,2596366.6637999997,105157.48879999999
2023-04-04,2019.97,1310.08,80.86,2646322.2975999997,105933.0688
2023-04-05,2020.35,1317.05,80.44,2660901.9675,105943.502
2023-04-06,2008.02,1318.5,80.36,2647574.37,105954.66
2023-04-10,1989.95,1320.62,79.8,2627967.769,105385.47599999998
2023-04-11,2003.14,1322.03,81.41,2648211.1742000002,107626.4623
2023-04-12,2014.67,1322.63,83.04,2664662.9821,109831.19520000002
2023-04-13,2039.73,1301.14,82.22,2653974.2922,106979.7308
2023-04-14,2003.04,1304.0,82.65,2611964.16,107775.6
2023-04-17,1994.77,1319.11,80.89,2631321.0546999997,106702.8079
2023-04-18,2004.93,1319.13,81.03,2644763.3109000004,106889.10390000002
2023-04-19,1993.26,1329.71,78.94,2650457.7546,104967.3074
2023-04-20,2004.34,1323.61,77.17,2652964.4673999995,102142.9837
2023-04-21,1982.89,1329.36,77.98,2635974.6504,103663.49279999999
2023-04-24,1988.88,1332.51,78.67,2650202.4888,104828.5617
2023-04-25,1997.87,1340.89,77.33,2678923.9043,103691.0237
2023-04-26,1989.48,1338.01,74.45,2661944.1348,99614.8445
2023-04-27,1987.87,1339.17,74.83,2662095.8679,100210.0911
2023-04-28,1989.65,1337.78,76.7,2661713.977,102607.726
2023-05-01,1982.05,1342.18,75.62,2660267.869,101495.65160000001
2023-05-02,2016.28,1342.21,71.64,2706271.1788,96155.9244
2023-05-03,2039.02,1334.44,67.25,2720949.8488000003,89741.09
2023-05-04,2051.11,1322.95,68.77,2713515.9745000005,90979.2715
2023-05-05,2016.54,1317.47,71.4,2656730.9538,94067.35800000001
2023-05-08,2021.39,1321.49,73.0,2671246.6711,96468.77
2023-05-09,2034.17,1325.92,73.61,2697146.6864000005,97600.9712
2023-05-10,2029.51,1317.76,72.89,2674407.0976,96051.5264
2023-05-11,2015.55,1330.83,71.36,2682354.4064999996,94968.0288
2023-05-12,2011.15,1342.41,70.11,2699787.8715000004,94116.36510000001
2023-05-15,2020.6,1335.36,71.42,2698228.4159999997,95371.4112
2023-05-16,1988.6,1342.35,70.67,2669397.2099999995,94863.87449999999
2023-05-17,1981.72,1334.23,72.77,2644070.2756000003,97091.91709999999
2023-05-18,1958.05,1334.43,72.14,2612880.6615,96265.78020000001
2023-05-19,1976.56,1325.2,71.93,2619337.312,95321.63600000001
2023-05-22,1969.43,1313.75,72.36,2587338.6625,95062.95
2023-05-23,1974.73,1319.21,73.88,2605083.5633,97463.23479999999
2023-05-24,1957.01,1318.43,74.25,2580180.6943,97893.4275
2023-05-25,1940.34,1331.19,71.88,2582961.2046,95685.9372
2023-05-26,1946.33,1322.66,72.92,2574332.8378,96448.36720000001
2023-05-29,1942.84,1324.07,72.89,2572456.1588,96511.4623
2023-05-30,1959.14,1319.76,69.57,2585594.6064,91815.70319999999
2023-05-31,1962.3,1320.56,67.75,2591334.888,89467.94
2023-06-01,1977.88,1312.64,70.11,2596244.4032000005,92029.1904
2023-06-02,1947.63,1305.92,71.94,2543448.9696000004,93947.8848
2023-06-05,1961.76,1300.78,71.97,2551818.1728,93617.1366
2023-06-06,1962.85,1299.19,71.77,2550115.0915,93242.8663
2023-06-07,1939.63,1308.26,72.44,2537540.3438,94770.3544
2023-06-08,1967.76,1295.47,70.86,2549174.0472,91797.0042
2023-06-09,1960.6,1287.32,70.34,2523919.5919999997,90550.0888
2023-06-12,1956.92,1284.54,67.42,2513742.0168,86603.6868
2023-06-13,1943.33,1267.7,69.2,2463559.441,87724.84000000001
2023-06-14,1942.99,1274.01,68.56,2475388.6899,87346.1256
2023-06-15,1957.65,1270.0,70.66,2486215.5,89738.2
2023-06-16,1957.36,1276.15,71.49,2497884.964,91231.9635
2023-06-19,1950.12,1282.26,71.19,2500560.8712,91284.0894
2023-06-20,1935.91,1288.23,70.81,2493897.3393,91219.5663
2023-06-21,1932.26,1288.33,72.38,2489388.5258,93249.32539999999
2023-06-22,1913.52,1298.18,69.22,2484093.3936,89860.0196
2023-06-23,1921.36,1308.41,69.41,2513926.6376,90816.7381
2023-06-26,1922.85,1304.98,69.37,2509280.793,90526.46260000001
2023-06-27,1913.35,1299.18,67.84,2485786.053,88136.37120000001
2023-06-28,1907.42,1308.9,69.22,2496622.038,90602.058
2023-06-29,1908.15,1322.21,69.66,2522975.0115,92105.1486
2023-06-30,1919.57,1315.11,70.37,2524445.7027,92544.2907
2023-07-03,1921.43,1304.2,70.02,2505929.006,91320.084
2023-07-04,1925.09,1294.35,71.0,2491740.2414999995,91898.84999999999
2023-07-05,1917.32,1303.59,71.88,2499399.1788,93702.0492
2023-07-06,1910.8,1309.11,71.78,2501447.388,93967.91579999999
2023-07-07,1924.28,1297.9,73.63,2497523.012,95564.37700000001
2023-07-10,1924.99,1299.4,73.08,2501332.006,94960.152
2023-07-11,1931.99,1291.47,74.75,2495107.1253,96537.3825
2023-07-12,1957.09,1274.49,75.8,2494291.6341,96606.342
2023-07-13,1960.19,1266.73,77.15,2483031.4787000003,97728.2195
2023-07-14,1954.93,1268.31,75.27,2479457.2683,95465.69369999999
2023-07-17,1954.74,1263.17,74.22,2469168.9258000003,93752.4774
2023-07-18,1978.71,1264.95,75.81,2502969.2145000002,95895.8595
2023-07-19,1977.25,1266.94,75.25,2505057.115,95337.235
2023-07-20,1969.62,1276.53,75.91,2514279.0185999996,96901.39229999999
2023-07-21,1960.23,1286.19,76.87,2521228.2237,98869.42530000002
2023-07-24,1954.51,1280.45,78.94,2502652.3295,101078.723
2023-07-25,1964.58,1276.18,79.36,2507157.7044,101277.64480000001
2023-07-26,1972.1,1270.8,79.08,2506144.6799999997,100494.864
2023-07-27,1944.99,1283.78,79.69,2496939.2621999998,102304.4282
2023-07-28,1959.2,1272.83,80.73,2493728.536,102755.5659
2023-07-31,1964.19,1277.86,81.7,2509959.8334,104401.162
2023-08-01,1944.08,1289.0,82.3,2505919.12,106084.7
2023-08-02,1933.56,1298.93,79.8,2511559.0908,103654.614
2023-08-03,1933.74,1299.01,81.83,2511947.5974,106297.9883
2023-08-04,1941.62,1304.08,82.66,2532027.8096,107795.25279999999
2023-08-07,1936.39,1307.3,82.44,2531442.647,107773.81199999999
2023-08-08,1924.82,1316.72,82.78,2534448.9904,108998.0816
2023-08-09,1914.59,1313.08,84.27,2514009.8372,110653.25159999999
2023-08-10,1912.06,1316.9,82.92,2517991.8140000002,109197.34800000001
2023-08-11,1913.32,1330.3,83.1,2545289.596,110547.93
2023-08-14,1907.9,1336.8,82.39,2550480.72,110138.95199999999
2023-08-15,1901.56,1336.42,81.08,2541282.8152,108356.9336
2023-08-16,1891.76,1341.22,79.25,2537266.3472,106291.685
2023-08-17,1888.89,1339.27,80.06,2529733.7103,107221.9562
2023-08-18,1888.19,1339.17,81.19,2528607.4023,108727.2123
2023-08-21,1893.94,1339.15,80.53,2536269.751,107841.7495
2023-08-22,1897.47,1339.81,80.05,2542249.2807,107251.79049999999
2023-08-23,1914.31,1326.42,79.0,2539179.0702,104787.18000000001
2023-08-24,1917.43,1327.35,79.3,2545100.7105,105258.855
2023-08-25,1914.53,1323.53,80.42,2533937.8909,106438.2826
2023-08-28,1919.66,1323.81,80.39,2541265.1046,106421.08589999999
2023-08-29,1937.12,1318.06,81.67,2553240.3871999998,107645.9602
2023-08-30,1942.24,1323.49,81.92,2570535.2176,108420.3008
2023-08-31,1939.74,1325.14,83.89,2570427.0636,111165.9946
2023-09-01,1938.8,1317.55,86.31,2554465.94,113717.7405
2023-09-04,1938.19,1317.21,86.05,2553003.2499,113345.9205
2023-09-05,1925.81,1329.05,87.06,2559497.7805,115707.093
2023-09-06,1916.28,1333.58,87.89,2555512.6824,117208.3462
2023-09-07,1919.19,1333.45,86.92,2559143.9055000003,115903.474
2023-09-08,1917.81,1334.96,87.42,2560199.6376,116702.2032
2023-09-11,1921.66,1325.49,87.42,2547141.1134,115874.3358
2023-09-12,1913.26,1326.15,88.94,2537269.7490000003,117947.781
2023-09-13,1906.3,1326.59,88.8,2528878.517,117801.192
2023-09-14,1910.32,1329.52,90.67,2539808.6464,120547.5784
2023-09-15,1923.57,1328.46,91.15,2555385.8022,121089.12900000002
2023-09-18,1933.14,1323.57,91.73,2558646.1098,121411.0761
2023-09-19,1930.94,1328.62,91.33,2565485.5028,121342.86459999999
2023-09-20,1929.68,1332.92,89.81,2572109.0656000003,119709.54520000001
2023-09-21,1919.57,1339.0,90.32,2570304.23,120938.48
2023-09-22,1924.99,1334.03,90.93,2567994.4096999997,121303.34790000001
2023-09-25,1915.66,1338.01,90.23,2563172.2366,120728.6423
2023-09-26,1900.49,1352.93,91.06,2571229.9357000003,123197.8058
2023-09-27,1874.7,1354.54,94.33,2539356.138,127773.7582
2023-09-28,1864.56,1349.56,92.17,2516335.5936,124388.9452
2023-09-29,1848.31,1352.31,91.19,2499488.0960999997,123317.14889999999
2023-10-02,1827.4,1355.84,88.94,2477662.016,120588.40959999998
2023-10-03,1822.81,1361.08,89.72,2480990.2347999997,122116.0976
2023-10-04,1821.08,1351.62,84.62,2461408.1495999997,114374.08439999999
2023-10-05,1820.01,1345.72,83.11,2449223.8572,111842.7892
2023-10-06,1832.26,1344.61,83.09,2463675.1185999997,111723.6449
2023-10-09,1860.88,1346.51,86.62,2505693.5288,116634.6962
2023-10-10,1860.09,1341.33,86.17,2494994.5196999996,115582.4061
2023-10-11,1873.61,1338.42,83.31,2507677.0962,111503.77020000001
2023-10-12,1868.65,1348.96,83.62,2520734.1040000003,112800.03520000001
2023-10-13,1931.7,1352.21,87.86,2612064.057,118805.1706
2023-10-16,1919.44,1347.91,86.77,2587232.3704000004,116958.1507
2023-10-17,1923.07,1352.98,88.3,2601875.2486,119468.13399999999
2023-10-18,1947.69,1353.86,88.38,2636899.5834,119654.14679999999
2023-10-19,1973.7,1356.02,90.44,2676376.674,122638.4488
2023-10-20,1981.04,1349.08,89.6,2672581.4431999996,120877.56799999998
2023-10-23,1972.59,1342.12,87.17,2647452.4908,116992.6004
2023-10-24,1970.11,1343.88,84.67,2647591.4268,113786.31960000002
2023-10-25,1979.62,1352.44,86.17,2677317.2728,116539.75480000001
2023-10-26,1984.82,1352.69,84.56,2684846.1658,114383.4664
2023-10-27,2005.78,1354.91,86.12,2717651.3798,116684.84920000001
2023-10-30,1995.88,1345.63,83.39,2685716.0044000004,112212.08570000001
2023-10-31,1982.7,1352.15,82.05,2680907.805,110943.9075
2023-11-01,1982.15,1347.79,81.56,2671521.9485,109925.7524
2023-11-02,1985.51,1333.59,83.19,2647856.2808999997,110941.35209999999
2023-11-03,1992.27,1308.23,81.5,2606347.3821,106620.745
2023-11-06,1977.68,1298.29,81.39,2567602.1672,105667.8231
2023-11-07,1968.4,1304.49,77.52,2567758.116,101124.0648
2023-11-08,1949.79,1307.71,75.92,2549759.8809,99281.3432
2023-11-09,1958.19,1317.04,75.88,2579014.5576,99936.99519999999
2023-11-10,1936.79,1316.51,77.6,2549803.4029,102161.17599999999
2023-11-13,1945.89,1319.11,78.8,2566842.9579,103945.86799999999
2023-11-14,1962.67,1304.65,78.39,2560597.4155,102271.5135
2023-11-15,1959.09,1304.61,76.81,2555848.4048999995,100207.0941
2023-11-16,1980.85,1292.34,73.53,2559931.689,95025.76019999999
2023-11-17,1980.01,1294.35,76.4,2562825.9434999996,98888.34
2023-11-20,1977.19,1286.92,77.89,2544485.3548000003,100238.19880000001
2023-11-21,1998.37,1294.52,77.92,2586929.9324,100868.9984
2023-11-22,1989.72,1300.9,76.94,2588426.748,100091.246
2023-11-23,1991.79,1300.2,76.58,2589725.358,99569.316
2023-11-24,2001.97,1302.97,75.41,2608506.8509,98256.9677
2023-11-27,2013.64,1296.95,75.39,2611590.398,97777.0605
2023-11-28,2040.89,1287.25,76.86,2627135.6525000003,98938.035
2023-11-29,2044.59,1291.17,77.88,2639913.2703,100556.3196
2023-11-30,2035.75,1299.35,75.83,2645151.7624999997,98529.71049999999
2023-12-01,2070.9,1293.4,74.56,2678502.0600000005,96435.90400000001
2023-12-04,2029.74,1309.75,73.42,2658451.965,96161.845
2023-12-05,2019.42,1313.58,72.25,2652669.7236,94906.155
2023-12-06,2024.9,1316.15,69.61,2665072.1350000002,91617.20150000001
2023-12-07,2028.34,1313.0,69.89,2663210.42,91765.57
2023-12-08,2003.39,1316.41,71.36,2637282.6299000005,93939.0176
2023-12-11,1981.3,1316.25,71.47,2607886.125,94072.3875
2023-12-12,1979.44,1310.9,68.78,2594847.896,90163.702
2023-12-13,2026.39,1294.83,70.0,2623830.5637,90638.09999999999
2023-12-14,2035.53,1288.65,71.72,2623085.7345000003,92421.978
2023-12-15,2018.19,1300.4,71.95,2624454.276,93563.78000000001
2023-12-18,2027.0,1302.89,72.62,2640958.0300000003,94615.87180000001
2023-12-19,2040.12,1300.21,73.97,2652584.4252,96176.5337
2023-12-20,2029.19,1303.08,73.47,2644196.9052,95737.2876
2023-12-21,2045.49,1294.86,73.69,2648623.1813999997,95418.23339999998
2023-12-22,2052.98,1297.25,73.3,2663228.305,95088.425
2023-12-25,2054.93,1295.43,73.66,2662017.9699,95421.3738
2023-12-26,2066.6,1293.99,75.12,2674159.7339999997,97204.5288
2023-12-27,2077.16,1292.78,73.92,2685310.9047999997,95562.2976
2023-12-28,2064.86,1289.23,71.92,2662079.4578,92721.4216
2023-12-29,2062.59,1294.4,71.24,2669816.4960000003,92213.056
2024-01-01,2063.8,1293.54,71.86,2669607.852,92953.78439999999
2024-01-02,2058.88,1311.32,70.41,2699850.5216,92330.04119999999
2024-01-03,2040.78,1309.5,72.97,2672401.41,95554.215
2024-01-04,2043.26,1313.08,72.22,2682963.8408,94830.63759999999
2024-01-05,2045.5,1314.16,73.87,2688114.2800000003,97076.9992
2024-01-08,2027.84,1311.77,70.69,2660059.6768,92729.0213
2024-01-09,2029.59,1320.08,72.11,2679221.1671999996,95190.96879999999
2024-01-10,2023.4,1318.93,71.2,2668722.9620000003,93907.816
2024-01-11,2028.09,1313.86,73.34,2664626.3274,96358.4924
2024-01-12,2048.72,1313.22,72.75,2690420.0784,95536.755
2024-01-15,2054.49,1319.82,72.62,2711556.9917999995,95845.3284
2024-01-16,2027.59,1338.13,71.88,2713179.0067000003,96184.7844
2024-01-17,2005.72,1343.95,72.67,2695587.3940000003,97664.8465
2024-01-18,2022.67,1338.43,73.69,2707202.2081000004,98628.9067
2024-01-19,2029.09,1333.66,73.3,2706116.1694,97757.278
2024-01-22,2020.99,1339.05,74.5,2706206.6595,99759.22499999999
2024-01-23,2028.69,1337.74,74.33,2713859.7606,99434.2142
2024-01-24,2012.59,1331.98,75.3,2680729.6282,100298.094
2024-01-25,2019.75,1336.27,77.0,2698931.3325,102892.79
2024-01-26,2018.34,1336.75,78.05,2698015.995,104333.3375
2024-01-29,2031.75,1332.96,76.92,2708241.48,102531.2832
2024-01-30,2036.12,1328.53,77.7,2705046.5036,103226.781
2024-01-31,2037.19,1333.59,75.78,2716776.2121,101059.45019999999
2024-02-01,2054.89,1328.95,74.17,2730846.0655,98568.2215
2024-02-02,2038.59,1337.76,72.28,2727144.1584,96693.2928
2024-02-05,2024.67,1333.13,72.6,2699148.3171,96785.238
2024-02-06,2035.46,1326.87,73.36,2700790.8101999997,97339.18319999998
2024-02-07,2034.22,1328.29,73.92,2702034.0838,98187.1968
2024-02-08,2033.18,1331.29,76.39,2706752.2022,101697.24309999999
2024-02-09,2024.16,1330.07,76.55,2692274.4912,101816.85849999999
2024-02-12,2019.79,1328.66,76.94,2683614.1814,102227.10040000001
2024-02-13,1992.13,1340.73,77.67,2670908.4549000002,104134.4991
2024-02-14,1992.39,1329.91,76.5,2649699.3849000004,101738.115
2024-02-15,2004.09,1328.55,77.89,2662533.7695,103480.7595
2024-02-16,2013.1,1331.29,78.47,2680019.8989999997,104466.3263
2024-02-19,2017.63,1333.72,78.33,2690953.4836000004,104470.2876
2024-02-20,2023.53,1333.79,77.44,2698964.0787,103288.6976
2024-02-21,2024.99,1333.04,78.31,2699392.6696,104390.3624
2024-02-22,2024.11,1327.25,78.45,2686499.9975,104122.7625
2024-02-23,2035.72,1329.95,76.8,2707405.8140000002,102140.16
2024-02-26,2030.66,1331.9,77.81,2704636.0540000005,103635.13900000001
2024-02-27,2029.64,1332.05,78.58,2703581.962,104672.489
2024-02-28,2034.62,1334.05,78.3,2714284.8109999998,104456.11499999999
2024-02-29,2043.24,1334.78,78.41,2727275.8871999998,104660.0998
2024-03-01,2083.39,1330.52,79.96,2771992.0628,106388.3792
2024-03-04,2114.99,1330.89,78.81,2814819.0411,104887.44090000002
2024-03-05,2127.55,1335.4,78.34,2841130.2700000005,104615.236
2024-03-06,2148.29,1329.03,79.17,2855141.8586999997,105219.3051
2024-03-07,2159.16,1323.09,79.31,2856763.0043999995,104934.26789999999
2024-03-08,2177.51,1316.0,77.93,2865603.16,102555.88
2024-03-11,2182.47,1310.74,78.16,2860650.7277999995,102447.4384
2024-03-12,2157.99,1311.68,78.06,2830592.3232,102389.74080000001
2024-03-13,2174.4,1313.79,79.75,2856704.9760000003,104774.7525
2024-03-14,2161.01,1323.43,80.97,2859945.4643000006,107158.1271
2024-03-15,2155.54,1330.63,81.03,2868226.1902,107820.94890000002
2024-03-18,2159.99,1336.21,82.62,2886200.2378999996,110397.67020000001
2024-03-19,2157.23,1337.24,82.88,2884734.2452000002,110830.4512
2024-03-20,2185.96,1329.18,82.03,2905534.3128,109032.63540000001
2024-03-21,2180.81,1334.07,81.34,2909353.1966999997,108513.2538
2024-03-22,2164.15,1343.43,81.19,2907384.0345,109073.0817
2024-03-25,2171.45,1338.84,82.38,2907224.118,110293.63919999999
2024-03-26,2178.58,1342.89,81.61,2925593.2962,109593.2529
2024-03-27,2194.02,1349.82,82.05,2961532.0763999997,110752.73099999999
2024-03-28,2232.38,1349.48,83.44,3012552.1624000003,112600.6112
2024-04-01,2250.36,1353.34,84.14,3045502.2024,113870.02759999999
2024-04-02,2280.1,1351.45,85.75,3081441.145,115886.83750000001
2024-04-03,2299.17,1344.74,85.81,3091785.8658000003,115392.1394
2024-04-04,2289.43,1351.08,87.22,3093203.0843999996,117841.19759999998
2024-04-05,2329.5,1350.91,86.96,3146944.845,117475.1336
2024-04-08,2338.89,1353.78,86.83,3166342.5042,117548.7174
2024-04-09,2352.58,1351.03,85.47,3178406.1574,115472.53409999999
2024-04-10,2332.79,1363.43,86.41,3180595.8697,117813.9863
2024-04-11,2373.24,1367.01,85.61,3244242.8123999997,117029.7261
2024-04-12,2343.43,1379.69,85.6,3233206.9367,118101.46399999999
2024-04-15,2382.51,1386.91,85.86,3304326.9441000004,119080.0926
2024-04-16,2382.83,1389.5,85.53,3310942.2849999997,118843.935
2024-04-17,2360.81,1378.86,82.86,3255226.4765999997,114252.33959999999
2024-04-18,2378.25,1379.41,82.59,3280581.8325,113925.47190000002
2024-04-19,2390.45,1374.3,82.69,3285195.4349999996,113640.867
2024-04-22,2326.29,1378.73,82.58,3207325.8117,113855.5234
2024-04-23,2321.81,1373.05,83.92,3187961.2205,115226.356
2024-04-24,2315.82,1377.03,83.16,3188953.6146,114513.8148
2024-04-25,2331.78,1371.41,84.2,3197826.4098000005,115472.72200000001
2024-04-26,2337.72,1376.43,84.14,3217707.9395999997,115812.8202
2024-04-29,2334.44,1374.67,82.98,3209084.6348,114070.11660000001
2024-04-30,2285.57,1385.38,81.69,3166382.9666000004,113171.6922
2024-05-01,2317.9,1377.25,79.44,3192327.775,109408.73999999999
2024-05-02,2303.29,1366.75,79.53,3148021.6075,108697.6275
2024-05-03,2301.56,1354.63,78.29,3117762.2228,106053.98270000002
2024-05-06,2323.57,1354.91,79.11,3148228.2287000003,107186.93010000001
2024-05-07,2313.79,1358.79,78.53,3143954.7141,106705.7787
2024-05-08,2308.65,1364.39,79.47,3149898.9735000003,108428.0733
2024-05-09,2345.88,1365.09,79.84,3202337.3292,108988.7856
2024-05-10,2360.14,1369.65,78.38,3232565.751,107353.167
2024-05-13,2336.05,1366.11,79.25,3191301.2655,108264.2175
2024-05-14,2357.97,1364.79,78.48,3218133.8762999997,107108.7192
2024-05-15,2386.04,1352.96,78.95,3228216.6784,106816.19200000001
2024-05-16,2376.44,1348.49,79.39,3204605.5756,107056.6211
2024-05-17,2414.89,1351.76,79.98,3264351.7064,108113.7648
2024-05-20,2425.12,1359.97,79.69,3298090.4464,108376.0093
2024-05-21,2421.64,1363.0,78.69,3300695.32,107254.47
2024-05-22,2378.25,1364.73,77.53,3245669.1225,105807.5169
2024-05-23,2328.37,1367.34,77.22,3183673.4357999996,105585.99479999999
2024-05-24,2333.76,1365.93,78.18,3187752.7968000006,106788.40740000001
2024-05-27,2350.74,1359.93,78.95,3196841.8482,107366.47350000001
2024-05-28,2360.95,1362.42,80.55,3216605.499,109742.931
2024-05-29,2338.77,1370.08,79.53,3204302.0015999996,108962.46239999999
2024-05-30,2343.0,1374.74,78.03,3221015.82,107270.96220000001
2024-05-31,2326.97,1381.68,77.44,3215127.9096,106997.29920000001
2024-06-03,2350.35,1370.36,74.28,3220825.6259999997,101790.34079999999
2024-06-04,2327.68,1372.93,73.17,3195741.7024,100457.2881
2024-06-05,2354.78,1368.48,74.62,3222469.3344000005,102115.97760000001
2024-06-06,2375.61,1363.71,75.88,3239643.1131,103478.3148
2024-06-07,2292.71,1378.8,75.59,3161188.548,104223.492
2024-06-10,2310.6,1373.6,78.19,3173840.1599999997,107401.78399999999
2024-06-11,2316.27,1377.5,78.25,3190661.925,107789.375
2024-06-12,2322.55,1369.84,78.39,3181521.892,107381.7576
2024-06-13,2303.19,1375.35,77.97,3167692.3665,107236.03949999998
2024-06-14,2332.52,1381.84,78.53,3223169.4368,108515.8952
2024-06-17,2318.87,1378.46,80.19,3196469.5402,110538.7074
2024-06-18,2328.33,1378.64,81.18,3209928.8712,111917.99520000002
2024-06-19,2327.48,1380.97,80.98,3214180.0556,111830.95060000001
2024-06-20,2359.63,1391.93,81.64,3284439.7859000005,113637.1652
2024-06-21,2320.34,1387.01,80.96,3218334.7834,112292.3296
2024-06-24,2332.93,1386.37,82.03,3234304.1640999997,113723.93109999999
2024-06-25,2319.01,1390.44,81.06,3224444.2644,112709.06640000001
2024-06-26,2297.91,1392.9,80.94,3200758.839,112741.326
2024-06-27,2327.45,1386.35,82.19,3226660.3074999996,113944.1065
2024-06-28,2325.71,1380.73,81.81,3211177.5683,112957.52130000001
2024-07-01,2331.7,1382.5,83.67,3223575.2499999995,115673.77500000001
2024-07-02,2329.28,1386.03,83.27,3228451.9584000004,115414.7181
2024-07-03,2356.06,1386.8,83.86,3267384.008,116297.048
2024-07-04,2356.12,1380.22,84.16,3251963.9464,116159.3152
2024-07-05,2391.46,1376.57,83.58,3292012.0922,115053.72059999999
2024-07-08,2358.8,1383.27,82.41,3262857.276,113995.28069999999
2024-07-09,2363.58,1382.92,81.84,3268642.0536,113178.17280000001
2024-07-10,2371.07,1382.81,82.6,3278739.3067,114220.10599999999
2024-07-11,2414.78,1370.96,83.14,3310566.7888,113981.6144
2024-07-12,2411.27,1373.67,82.33,3312289.2609,113094.25110000001
2024-07-15,2422.07,1384.17,81.89,3352556.6319000004,113349.68130000001
2024-07-16,2468.57,1382.77,80.77,3413464.5389,111686.3329
2024-07-17,2458.38,1378.51,82.78,3388901.4138,114113.0578
2024-07-18,2444.97,1384.48,81.83,3385012.0656,113291.9984
2024-07-19,2400.79,1388.79,79.65,3334193.1440999997,110617.1235
2024-07-22,2397.65,1386.99,79.14,3325516.5735,109766.3886
2024-07-23,2409.21,1384.59,78.19,3335768.0738999997,108261.0921
2024-07-24,2397.59,1382.17,78.3,3313876.9703,108223.91100000001
2024-07-25,2364.5,1382.22,79.06,3268259.19,109278.3132
2024-07-26,2385.57,1383.72,77.21,3300960.9204,106837.02119999999
2024-07-29,2383.54,1380.57,76.3,3290643.8178,105337.491
2024-07-30,2408.43,1382.81,75.91,3330401.0882999995,104969.1071
2024-07-31,2448.1,1369.08,79.14,3351644.7479999997,108348.99119999999
2024-08-01,2445.42,1369.08,77.37,3347975.6136,105925.7196
2024-08-02,2443.29,1356.63,74.69,3314640.5127000003,101326.69470000001
2024-08-05,2407.65,1366.4,74.62,3289812.9600000004,101960.76800000001
2024-08-06,2389.37,1374.52,73.25,3284236.8523999997,100683.59
2024-08-07,2381.53,1374.47,75.84,3273341.5391,104239.80480000001
2024-08-08,2426.75,1373.43,76.45,3332971.2525,104998.72350000001
2024-08-09,2430.93,1364.19,77.4,3316250.3967,105588.30600000001
2024-08-12,2472.25,1368.88,79.83,3384213.58,109277.6904
2024-08-13,2465.03,1361.41,78.94,3355916.4923000005,107469.7054
2024-08-14,2447.64,1356.0,77.7,3318999.84,105361.2
2024-08-15,2456.1,1364.22,78.4,3350660.742,106954.84800000001
2024-08-16,2507.28,1349.11,78.27,3382596.5208,105594.83969999998
2024-08-26,2516.89,1327.48,76.75,3341121.1371999998,101884.09
2024-08-27,2524.57,1325.77,75.38,3346999.1689000004,99936.54259999999
2024-08-28,2502.25,1335.98,73.98,3342955.955,98835.80040000001
2024-08-29,2521.18,1333.24,75.11,3361338.0231999997,100139.6564
2024-08-30,2503.03,1336.56,73.18,3345449.7768,97809.4608
2024-09-02,2499.29,1337.48,73.24,3342750.3892,97957.0352
2024-09-03,2492.76,1339.29,69.81,3338528.5404000003,93495.8349
2024-09-04,2494.19,1333.34,68.84,3325603.2945999997,91787.1256
2024-09-05,2516.32,1333.04,68.9,3354355.2128000003,91846.456
2024-09-06,2497.03,1337.26,67.64,3339178.3378000003,90452.2664
2024-09-09,2505.25,1341.66,68.17,3361193.7150000003,91460.96220000001
2024-09-10,2516.12,1343.21,65.72,3379677.5452,88275.76120000001
2024-09-11,2511.44,1338.99,66.67,3362793.0456000003,89270.4633
2024-09-12,2558.75,1335.56,68.55,3417364.15,91552.63799999999
2024-09-13,2576.5,1328.21,68.34,3422133.065,90769.8714
2024-09-16,2582.58,1320.45,69.28,3410167.761,91480.776
2024-09-17,2569.52,1318.6,69.86,3388169.0719999997,92117.396
2024-09-18,2558.8,1319.09,69.31,3375287.492,91426.12789999999
2024-09-19,2586.48,1326.86,70.91,3431896.8528,94087.64259999999
2024-09-20,2621.96,1331.64,71.12,3491506.8144000005,94706.23680000001
2024-09-23,2628.4,1333.62,70.45,3505286.8079999997,93953.529
2024-09-24,2656.7,1325.18,71.39,3520605.706,94604.6002
2024-09-25,2656.82,1333.54,69.42,3542975.7428,92574.3468
2024-09-26,2670.2,1312.72,67.17,3505224.9439999997,88175.4024
2024-09-27,2657.97,1308.3,68.45,3477422.1509999996,89553.135
2024-09-30,2634.49,1317.01,68.14,3469649.6748999995,89741.0614
2024-10-01,2662.82,1323.77,70.58,3524961.2314000004,93431.6866
2024-10-02,2657.75,1323.82,70.59,3518382.605,93448.4538
2024-10-03,2655.9,1333.21,73.55,3540872.4390000002,98057.5955
2024-10-04,2652.25,1346.41,74.1,3571015.9225000003,99768.981
2024-10-07,2643.58,1345.15,76.75,3556011.637,103240.26250000001
2024-10-08,2621.94,1339.28,73.47,3511511.8032,98396.9016
2024-10-09,2607.77,1345.7,72.85,3509276.089,98034.245
2024-10-10,2629.48,1349.15,75.06,3547562.9420000003,101267.19900000001
2024-10-11,2656.0,1348.41,74.9,3581376.9600000004,100995.90900000001
2024-10-14,2651.05,1356.26,71.16,3595513.0730000003,96511.4616
2024-10-15,2660.99,1363.65,70.48,3628659.0135,96110.05200000001
2024-10-16,2673.24,1363.7,70.13,3645497.388,95636.281
2024-10-17,2692.55,1369.84,70.26,3688362.692,96244.9584
2024-10-18,2720.25,1368.37,68.8,3722308.4924999997,94143.85599999999
2024-10-21,2719.65,1379.02,69.95,3750451.7430000002,96462.44900000001
2024-10-22,2748.38,1378.27,71.36,3788009.7026,98353.3472
2024-10-23,2717.54,1379.93,71.11,3750014.9722,98126.8223
2024-10-24,2735.7,1378.55,70.33,3771299.2349999994,96953.4215
2024-10-25,2747.69,1387.95,71.56,3813656.3355,99321.702
2024-10-28,2741.98,1382.09,67.8,3789663.1382,93705.70199999999
2024-10-29,2775.13,1383.24,67.28,3838670.8212,93064.3872
2024-10-30,2786.19,1378.27,68.75,3840122.0913,94756.0625
2024-10-31,2743.8,1372.58,70.33,3766085.004,96533.5514
2024-11-01,2735.16,1378.48,69.13,3770363.3567999997,95294.32239999999
2024-11-04,2736.39,1372.6,71.22,3755968.9139999994,97756.57199999999
2024-11-05,2743.59,1376.88,71.76,3777594.1992000006,98804.90880000002
2024-11-06,2659.24,1400.36,71.41,3723893.326399999,99999.7076
2024-11-07,2706.99,1379.89,71.91,3735348.4311,99227.88990000001
2024-11-08,2683.77,1396.23,70.23,3747160.1871,98057.2329
2024-11-11,2620.2,1399.08,68.09,3665869.4159999997,95263.3572
2024-11-12,2597.27,1405.8,67.92,3651242.1659999997,95481.936
2024-11-13,2573.78,1404.09,67.89,3613818.7602,95323.67009999999
2024-11-14,2566.19,1404.75,68.44,3604855.4025,96141.09
2024-11-15,2561.24,1393.68,66.89,3569548.9631999996,93223.2552
2024-11-18,2612.2,1390.5,68.93,3632264.0999999996,95847.16500000001
2024-11-19,2631.68,1392.32,69.3,3664140.6975999996,96487.776
2024-11-20,2650.05,1398.02,69.0,3704822.901,96463.38
2024-11-21,2669.69,1399.15,70.05,3735296.7635000004,98010.4575
2024-11-22,2712.55,1402.4,71.06,3804080.1200000006,99654.54400000001
2024-11-25,2625.26,1398.06,68.52,3670270.9956,95795.07119999999
2024-11-26,2631.89,1396.24,68.73,3674750.0936,95963.5752
2024-11-27,2635.51,1388.58,68.64,3659616.4758,95312.13119999999
2024-11-28,2640.96,1393.73,68.7,3680785.1808,95749.251
2024-11-29,2653.55,1394.67,68.5,3700826.5785000003,95534.895
2024-12-02,2638.93,1403.96,68.0,3704952.1628,95469.28
2024-12-03,2643.44,1414.47,69.8,3739066.5768,98730.006
2024-12-04,2649.79,1411.13,68.54,3739198.1627,96718.85020000002
2024-12-05,2632.05,1413.28,68.19,3719823.6240000003,96371.56319999999
2024-12-06,2632.91,1424.14,67.0,3749632.4474,95417.38
2024-12-09,2658.78,1428.4,67.93,3797801.3520000004,97031.21200000001
2024-12-10,2693.64,1434.3,68.23,3863487.8519999995,97862.289
2024-12-11,2717.93,1427.81,69.95,3880687.6332999994,99875.3095
2024-12-12,2681.33,1430.67,69.6,3836098.3911,99574.632
2024-12-13,2648.39,1434.03,70.67,3797870.7117,101342.9001
2024-12-16,2652.5,1436.81,70.19,3811138.525,100849.6939
2024-12-17,2645.54,1437.39,69.72,3802672.7406,100214.83080000001
2024-12-18,2587.63,1452.7,69.38,3759050.1010000003,100788.326
2024-12-19,2593.85,1444.52,69.13,3746868.202,99859.66759999999
2024-12-20,2620.77,1444.57,69.48,3785885.7188999997,100368.7236
2024-12-23,2612.93,1451.28,69.34,3792093.0503999996,100631.7552
2024-12-24,2613.2,1458.93,69.92,3812475.8759999997,102008.38560000001
2024-12-26,2634.43,1467.08,69.53,3864919.5643999996,102006.07239999999
2024-12-27,2620.0,1472.5,70.08,3857950.0,103192.8
2024-12-30,2605.39,1469.25,70.99,3827969.2575,104302.0575
2024-12-31,2623.81,1476.78,71.56,3874790.1317999996,105678.3768
