"Date","Price","Open","High","Low","Vol.","Change %"
"01/02/2023","2,225.67","2,249.95","2,259.88","2,222.37","346.34M","-0.48%"
"01/03/2023","2,218.68","2,230.98","2,230.98","2,180.67","410.24M","-0.31%"
"01/04/2023","2,255.98","2,205.98","2,260.06","2,198.82","412.84M","1.68%"
"01/05/2023","2,264.65","2,268.20","2,281.39","2,252.97","430.98M","0.38%"
"01/06/2023","2,289.97","2,253.40","2,300.62","2,253.27","398.61M","1.12%"
"01/09/2023","2,350.19","2,315.87","2,351.06","2,312.56","342.10M","2.63%"
"01/10/2023","2,351.31","2,348.04","2,370.18","2,344.18","359.91M","0.05%"
"01/11/2023","2,359.53","2,364.05","2,369.66","2,350.36","369.01M","0.35%"
"01/12/2023","2,365.10","2,376.72","2,377.80","2,358.33","580.43M","0.24%"
"01/13/2023","2,386.09","2,377.34","2,397.01","2,375.78","862.23M","0.89%"
"01/16/2023","2,399.86","2,390.06","2,410.22","2,387.61","517.76M","0.58%"
"01/17/2023","2,379.39","2,400.92","2,404.00","2,374.65","536.81M","-0.85%"
"01/18/2023","2,368.32","2,380.36","2,383.00","2,356.84","537.39M","-0.47%"
"01/19/2023","2,380.34","2,354.56","2,380.34","2,354.56","370.10M","0.51%"
"01/20/2023","2,395.26","2,380.00","2,395.97","2,372.57","302.51M","0.63%"
"01/25/2023","2,428.57","2,426.58","2,432.71","2,421.51","550.09M","1.39%"
"01/26/2023","2,468.65","2,436.18","2,468.65","2,426.40","486.83M","1.65%"
"01/27/2023","2,484.02","2,474.52","2,497.40","2,464.53","509.29M","0.62%"
"01/30/2023","2,450.47","2,484.64","2,491.13","2,446.59","475.41M","-1.35%"
"01/31/2023","2,425.08","2,449.92","2,457.48","2,423.37","617.20M","-1.04%"
"02/01/2023","2,449.80","2,446.03","2,453.29","2,433.37","666.30M","1.02%"
"02/02/2023","2,468.88","2,481.94","2,486.20","2,454.60","693.12M","0.78%"
"02/03/2023","2,480.40","2,466.54","2,485.08","2,460.21","496.86M","0.47%"
"02/06/2023","2,438.19","2,461.82","2,469.42","2,438.04","566.82M","-1.70%"
"02/07/2023","2,451.71","2,440.14","2,456.17","2,432.40","451.16M","0.55%"
"02/08/2023","2,483.64","2,469.42","2,487.35","2,465.96","415.68M","1.30%"
"02/09/2023","2,481.52","2,470.66","2,487.14","2,466.61","610.69M","-0.09%"
"02/10/2023","2,469.73","2,470.65","2,473.80","2,454.74","662.37M","-0.48%"
"02/13/2023","2,452.70","2,461.96","2,462.58","2,440.86","486.40M","-0.69%"
"02/14/2023","2,465.64","2,471.33","2,480.34","2,459.83","349.43M","0.53%"
"02/15/2023","2,427.90","2,473.09","2,473.44","2,424.16","387.07M","-1.53%"
"02/16/2023","2,475.48","2,444.06","2,475.99","2,442.07","388.03M","1.96%"
"02/17/2023","2,451.21","2,447.66","2,471.51","2,445.74","514.05M","-0.98%"
"02/20/2023","2,455.12","2,453.25","2,463.17","2,430.27","390.01M","0.16%"
"02/21/2023","2,458.96","2,457.51","2,466.07","2,446.00","494.66M","0.16%"
"02/22/2023","2,417.68","2,430.87","2,435.98","2,416.16","427.48M","-1.68%"
"02/23/2023","2,439.09","2,430.01","2,449.62","2,422.62","400.99M","0.89%"
"02/24/2023","2,423.61","2,442.49","2,452.97","2,421.47","369.90M","-0.63%"
"02/27/2023","2,402.64","2,405.42","2,405.56","2,383.76","357.22M","-0.87%"
"02/28/2023","2,412.85","2,417.58","2,431.67","2,407.29","529.79M","0.42%"
"03/02/2023","2,427.85","2,414.61","2,440.59","2,411.85","428.34M","0.62%"
"03/03/2023","2,432.07","2,438.73","2,442.10","2,423.08","371.88M","0.17%"
"03/06/2023","2,462.62","2,452.46","2,464.45","2,441.07","418.81M","1.26%"
"03/07/2023","2,463.35","2,457.04","2,475.73","2,455.65","450.48M","0.03%"
"03/08/2023","2,431.91","2,435.58","2,442.61","2,426.52","438.36M","-1.28%"
"03/09/2023","2,419.09","2,440.79","2,444.20","2,416.25","476.38M","-0.53%"
"03/10/2023","2,394.59","2,389.82","2,400.87","2,383.19","413.41M","-1.01%"
"03/13/2023","2,410.60","2,400.45","2,413.24","2,369.79","380.74M","0.67%"
"03/14/2023","2,348.97","2,390.36","2,390.78","2,348.19","485.08M","-2.56%"
"03/15/2023","2,379.72","2,380.09","2,395.36","2,370.77","443.75M","1.31%"
"03/16/2023","2,377.91","2,357.98","2,382.79","2,346.11","320.19M","-0.08%"
"03/17/2023","2,395.69","2,403.70","2,405.35","2,382.80","364.18M","0.75%"
"03/20/2023","2,379.20","2,391.87","2,405.99","2,378.70","346.03M","-0.69%"
"03/21/2023","2,388.35","2,396.54","2,399.52","2,383.17","355.20M","0.38%"
"03/22/2023","2,416.96","2,411.25","2,417.47","2,402.78","501.41M","1.20%"
"03/23/2023","2,424.48","2,398.27","2,424.48","2,397.91","567.70M","0.31%"
"03/24/2023","2,414.96","2,421.27","2,423.76","2,399.49","470.66M","-0.39%"
"03/27/2023","2,409.22","2,423.94","2,423.94","2,395.97","472.85M","-0.24%"
"03/28/2023","2,434.94","2,418.69","2,434.94","2,415.34","524.02M","1.07%"
"03/29/2023","2,443.92","2,432.63","2,443.95","2,428.61","497.22M","0.37%"
"03/30/2023","2,453.16","2,452.97","2,462.70","2,439.43","629.05M","0.38%"
"03/31/2023","2,476.86","2,459.94","2,481.24","2,456.54","722.61M","0.97%"
"04/03/2023","2,472.34","2,485.81","2,485.81","2,467.59","811.72M","-0.18%"
"04/04/2023","2,480.51","2,475.87","2,489.71","2,472.79","832.56M","0.33%"
"04/05/2023","2,495.21","2,482.61","2,497.61","2,478.67","632.72M","0.59%"
"04/06/2023","2,459.23","2,488.00","2,488.00","2,458.50","751.38M","-1.44%"
"04/07/2023","2,490.41","2,478.64","2,493.06","2,473.89","586.99M","1.27%"
"04/10/2023","2,512.08","2,491.68","2,519.99","2,490.17","717.65M","0.87%"
"04/11/2023","2,547.86","2,523.33","2,550.97","2,514.42","768.18M","1.42%"
"04/12/2023","2,550.64","2,546.36","2,561.37","2,536.23","900.75M","0.11%"
"04/13/2023","2,561.66","2,534.71","2,561.66","2,531.07","841.72M","0.43%"
"04/14/2023","2,571.49","2,580.10","2,581.74","2,560.53","892.45M","0.38%"
"04/17/2023","2,575.91","2,570.30","2,577.08","2,561.14","775.75M","0.17%"
"04/18/2023","2,571.09","2,582.23","2,582.23","2,557.19","896.93M","-0.19%"
"04/19/2023","2,575.08","2,570.06","2,582.11","2,568.46","956.99M","0.16%"
"04/20/2023","2,563.11","2,566.06","2,573.94","2,552.06","951.42M","-0.46%"
"04/21/2023","2,544.40","2,556.70","2,559.44","2,532.32","970.40M","-0.73%"
"04/24/2023","2,523.50","2,538.36","2,541.89","2,518.73","927.19M","-0.82%"
"04/25/2023","2,489.02","2,531.35","2,531.35","2,472.33","886.42M","-1.37%"
"04/26/2023","2,484.83","2,489.49","2,498.56","2,481.38","1.09B","-0.17%"
"04/27/2023","2,495.81","2,484.31","2,499.01","2,465.83","733.50M","0.44%"
"04/28/2023","2,501.53","2,511.79","2,517.13","2,489.58","777.53M","0.23%"
"05/02/2023","2,524.39","2,504.01","2,524.42","2,503.21","701.40M","0.91%"
"05/03/2023","2,501.40","2,510.19","2,514.37","2,497.83","889.61M","-0.91%"
"05/04/2023","2,500.94","2,494.82","2,502.14","2,486.09","810.18M","-0.02%"
"05/08/2023","2,513.21","2,518.53","2,525.84","2,511.13","655.54M","0.49%"
"05/09/2023","2,510.06","2,512.34","2,514.81","2,495.63","751.65M","-0.13%"
"05/10/2023","2,496.51","2,505.96","2,510.13","2,488.42","635.64M","-0.54%"
"05/11/2023","2,491.00","2,505.57","2,513.82","2,490.08","648.13M","-0.22%"
"05/12/2023","2,475.42","2,487.35","2,487.35","2,472.45","798.23M","-0.63%"
"05/15/2023","2,479.35","2,469.80","2,479.35","2,455.99","484.56M","0.16%"
"05/16/2023","2,480.24","2,494.40","2,498.54","2,474.90","628.74M","0.04%"
"05/17/2023","2,494.66","2,479.65","2,498.37","2,475.02","564.41M","0.58%"
"05/18/2023","2,515.40","2,511.09","2,515.40","2,500.01","572.76M","0.83%"
"05/19/2023","2,537.79","2,530.83","2,538.31","2,524.89","570.10M","0.89%"
"05/22/2023","2,557.08","2,540.03","2,564.09","2,533.50","593.62M","0.76%"
"05/23/2023","2,567.55","2,565.80","2,577.32","2,561.10","576.04M","0.41%"
"05/24/2023","2,567.45","2,557.11","2,572.21","2,555.04","1.07B","0.00%"
"05/25/2023","2,554.69","2,570.64","2,575.05","2,551.49","917.55M","-0.50%"
"05/26/2023","2,558.81","2,561.94","2,567.50","2,553.79","634.76M","0.16%"
"05/30/2023","2,585.52","2,582.41","2,586.22","2,574.82","641.65M","1.04%"
"05/31/2023","2,577.12","2,586.03","2,596.31","2,575.98","686.19M","-0.32%"
"06/01/2023","2,569.17","2,572.56","2,580.15","2,565.00","675.23M","-0.31%"
"06/02/2023","2,601.36","2,586.27","2,601.38","2,583.88","569.62M","1.25%"
"06/05/2023","2,615.41","2,617.43","2,618.62","2,608.01","545.88M","0.54%"
"06/07/2023","2,615.60","2,623.46","2,629.92","2,613.68","537.62M","0.01%"
"06/08/2023","2,610.85","2,609.21","2,612.39","2,595.33","581.32M","-0.18%"
"06/09/2023","2,641.16","2,624.15","2,644.70","2,618.45","583.22M","1.16%"
"06/12/2023","2,629.35","2,647.49","2,650.45","2,623.43","557.06M","-0.45%"
"06/13/2023","2,637.95","2,644.43","2,645.62","2,633.52","694.32M","0.33%"
"06/14/2023","2,619.08","2,640.81","2,642.86","2,614.25","654.40M","-0.72%"
"06/15/2023","2,608.54","2,629.24","2,634.22","2,602.52","582.44M","-0.40%"
"06/16/2023","2,625.79","2,623.57","2,625.79","2,612.21","673.67M","0.66%"
"06/19/2023","2,609.50","2,618.06","2,619.44","2,600.49","719.55M","-0.62%"
"06/20/2023","2,604.91","2,602.83","2,610.03","2,596.82","722.54M","-0.18%"
"06/21/2023","2,582.63","2,599.19","2,600.97","2,579.52","659.80M","-0.86%"
"06/22/2023","2,593.70","2,575.65","2,597.76","2,575.65","613.22M","0.43%"
"06/23/2023","2,570.10","2,599.04","2,600.81","2,568.07","528.31M","-0.91%"
"06/26/2023","2,582.20","2,568.65","2,585.31","2,562.03","481.75M","0.47%"
"06/27/2023","2,581.39","2,581.02","2,582.00","2,568.52","538.51M","-0.03%"
"06/28/2023","2,564.19","2,590.52","2,590.52","2,559.46","488.77M","-0.67%"
"06/29/2023","2,550.02","2,564.02","2,577.69","2,550.02","604.51M","-0.55%"
"06/30/2023","2,564.28","2,558.43","2,571.03","2,541.72","510.93M","0.56%"
"07/03/2023","2,602.47","2,580.89","2,604.63","2,580.49","618.01M","1.49%"
"07/04/2023","2,593.31","2,604.72","2,607.66","2,591.86","674.41M","-0.35%"
"07/05/2023","2,579.00","2,593.47","2,601.99","2,578.66","601.09M","-0.55%"
"07/06/2023","2,556.29","2,574.75","2,575.45","2,550.67","531.90M","-0.88%"
"07/07/2023","2,526.71","2,547.41","2,547.41","2,515.07","613.27M","-1.16%"
"07/10/2023","2,520.70","2,528.08","2,539.63","2,517.67","561.82M","-0.24%"
"07/11/2023","2,562.49","2,538.84","2,562.49","2,534.48","594.13M","1.66%"
"07/12/2023","2,574.72","2,557.61","2,574.73","2,554.26","696.92M","0.48%"
"07/13/2023","2,591.23","2,589.89","2,602.21","2,587.75","585.66M","0.64%"
"07/14/2023","2,628.30","2,607.47","2,628.30","2,603.36","569.81M","1.43%"
"07/17/2023","2,619.00","2,617.67","2,627.12","2,611.55","550.57M","-0.35%"
"07/18/2023","2,607.62","2,624.59","2,626.89","2,600.67","493.20M","-0.43%"
"07/19/2023","2,608.24","2,622.24","2,622.54","2,598.52","440.07M","0.02%"
"07/20/2023","2,600.23","2,595.38","2,611.34","2,589.29","372.36M","-0.31%"
"07/21/2023","2,609.76","2,581.06","2,609.76","2,570.58","501.87M","0.37%"
"07/24/2023","2,628.53","2,608.47","2,636.06","2,595.21","529.36M","0.72%"
"07/25/2023","2,636.46","2,643.35","2,646.71","2,621.60","723.47M","0.30%"
"07/26/2023","2,592.36","2,638.76","2,639.21","2,580.98","834.11M","-1.67%"
"07/27/2023","2,603.81","2,599.82","2,617.61","2,586.36","594.16M","0.44%"
"07/28/2023","2,608.32","2,593.67","2,609.54","2,586.33","503.27M","0.17%"
"07/31/2023","2,632.58","2,628.87","2,639.45","2,622.21","454.24M","0.93%"
"08/01/2023","2,667.07","2,644.34","2,668.21","2,639.10","493.64M","1.31%"
"08/02/2023","2,616.47","2,651.53","2,660.90","2,611.77","704.67M","-1.90%"
"08/03/2023","2,605.39","2,624.76","2,625.45","2,591.30","789.42M","-0.42%"
"08/04/2023","2,602.80","2,606.17","2,612.30","2,598.38","645.75M","-0.10%"
"08/07/2023","2,580.71","2,591.58","2,607.36","2,580.71","504.07M","-0.85%"
"08/08/2023","2,573.98","2,598.29","2,601.41","2,568.15","638.42M","-0.26%"
"08/09/2023","2,605.12","2,580.60","2,608.98","2,576.21","467.53M","1.21%"
"08/10/2023","2,601.56","2,592.40","2,601.56","2,590.02","568.16M","-0.14%"
"08/11/2023","2,591.26","2,611.25","2,616.84","2,589.94","675.39M","-0.40%"
"08/14/2023","2,570.87","2,586.51","2,592.91","2,561.88","624.38M","-0.79%"
"08/16/2023","2,525.64","2,550.13","2,550.53","2,520.87","685.14M","-1.76%"
"08/17/2023","2,519.85","2,512.92","2,520.56","2,482.06","735.13M","-0.23%"
"08/18/2023","2,504.50","2,495.18","2,519.60","2,489.63","557.79M","-0.61%"
"08/21/2023","2,508.80","2,511.70","2,524.41","2,505.59","399.46M","0.17%"
"08/22/2023","2,515.74","2,528.39","2,533.43","2,509.53","471.81M","0.28%"
"08/23/2023","2,505.50","2,510.00","2,517.51","2,499.89","547.17M","-0.41%"
"08/24/2023","2,537.68","2,531.78","2,539.44","2,520.73","441.14M","1.28%"
"08/25/2023","2,519.14","2,505.39","2,526.37","2,502.05","577.38M","-0.73%"
"08/28/2023","2,543.41","2,534.42","2,543.41","2,525.64","483.59M","0.96%"
"08/29/2023","2,552.16","2,550.76","2,556.98","2,545.27","441.37M","0.34%"
"08/30/2023","2,561.22","2,575.42","2,578.62","2,561.22","364.00M","0.35%"
"08/31/2023","2,556.27","2,564.45","2,568.06","2,547.72","473.17M","-0.19%"
"09/01/2023","2,563.71","2,551.93","2,568.42","2,551.04","493.37M","0.29%"
"09/04/2023","2,584.55","2,566.93","2,584.55","2,560.32","342.07M","0.81%"
"09/05/2023","2,582.18","2,578.91","2,586.65","2,575.19","384.58M","-0.09%"
"09/06/2023","2,563.34","2,577.41","2,585.98","2,560.09","422.13M","-0.73%"
"09/07/2023","2,548.26","2,554.87","2,562.42","2,539.24","377.27M","-0.59%"
"09/08/2023","2,547.68","2,546.07","2,550.96","2,530.05","396.29M","-0.02%"
"09/11/2023","2,556.88","2,549.88","2,556.89","2,540.44","411.07M","0.36%"
"09/12/2023","2,536.58","2,566.42","2,568.55","2,535.15","359.41M","-0.79%"
"09/13/2023","2,534.70","2,536.22","2,549.38","2,528.18","417.58M","-0.07%"
"09/14/2023","2,572.89","2,544.89","2,572.89","2,541.11","412.51M","1.51%"
"09/15/2023","2,601.28","2,574.98","2,611.00","2,572.37","441.73M","1.10%"
"09/18/2023","2,574.72","2,588.69","2,596.55","2,573.26","416.29M","-1.02%"
"09/19/2023","2,559.21","2,579.36","2,583.25","2,555.46","462.34M","-0.60%"
"09/20/2023","2,559.74","2,556.55","2,566.62","2,551.12","414.67M","0.02%"
"09/21/2023","2,514.97","2,544.81","2,549.63","2,514.96","394.68M","-1.75%"
"09/22/2023","2,508.13","2,491.45","2,513.26","2,486.14","433.18M","-0.27%"
"09/25/2023","2,495.76","2,504.10","2,509.38","2,486.44","438.62M","-0.49%"
"09/26/2023","2,462.97","2,493.64","2,495.00","2,461.59","427.48M","-1.31%"
"09/27/2023","2,465.07","2,447.99","2,469.72","2,445.51","366.24M","0.09%"
"10/04/2023","2,405.69","2,435.78","2,435.78","2,402.84","424.86M","-2.41%"
"10/05/2023","2,403.60","2,423.35","2,426.61","2,402.50","451.72M","-0.09%"
"10/06/2023","2,408.73","2,408.81","2,421.18","2,403.92","289.39M","0.21%"
"10/10/2023","2,402.58","2,436.58","2,448.24","2,402.44","416.00M","-0.26%"
"10/11/2023","2,450.08","2,436.52","2,463.56","2,436.52","446.95M","1.98%"
"10/12/2023","2,479.82","2,465.19","2,479.82","2,464.84","515.45M","1.21%"
"10/13/2023","2,456.15","2,460.85","2,466.62","2,452.83","582.88M","-0.95%"
"10/16/2023","2,436.24","2,442.43","2,453.77","2,422.52","788.36M","-0.81%"
"10/17/2023","2,460.17","2,454.14","2,466.87","2,449.42","509.38M","0.98%"
"10/18/2023","2,462.60","2,452.05","2,465.33","2,450.78","911.55M","0.10%"
"10/19/2023","2,415.80","2,431.92","2,433.45","2,412.55","756.95M","-1.90%"
"10/20/2023","2,375.00","2,391.54","2,394.67","2,364.01","521.21M","-1.69%"
"10/23/2023","2,357.02","2,370.07","2,375.79","2,354.70","395.93M","-0.76%"
"10/24/2023","2,383.51","2,371.55","2,384.14","2,326.67","444.16M","1.12%"
"10/25/2023","2,363.17","2,389.23","2,389.90","2,362.69","440.81M","-0.85%"
"10/26/2023","2,299.08","2,325.82","2,330.55","2,299.08","531.07M","-2.71%"
"10/27/2023","2,302.81","2,311.59","2,321.84","2,293.05","514.88M","0.16%"
"10/30/2023","2,310.55","2,292.34","2,317.75","2,292.34","444.84M","0.34%"
"10/31/2023","2,277.99","2,318.39","2,322.45","2,273.97","394.98M","-1.41%"
"11/01/2023","2,301.56","2,292.89","2,312.15","2,288.64","358.16M","1.03%"
"11/02/2023","2,343.12","2,334.96","2,351.91","2,333.41","377.46M","1.81%"
"11/03/2023","2,368.34","2,365.59","2,370.28","2,351.83","578.66M","1.08%"
"11/06/2023","2,502.37","2,399.80","2,502.37","2,395.03","528.58M","5.66%"
"11/07/2023","2,443.96","2,476.35","2,476.35","2,418.74","457.68M","-2.33%"
"11/08/2023","2,421.62","2,460.22","2,468.43","2,418.14","467.22M","-0.91%"
"11/09/2023","2,427.08","2,425.93","2,437.90","2,413.04","395.03M","0.23%"
"11/10/2023","2,409.66","2,406.40","2,413.62","2,393.64","312.47M","-0.72%"
"11/13/2023","2,403.76","2,431.24","2,435.32","2,399.04","307.12M","-0.24%"
"11/14/2023","2,433.25","2,424.93","2,442.37","2,422.97","306.96M","1.23%"
"11/15/2023","2,486.67","2,482.21","2,487.42","2,468.43","419.84M","2.20%"
"11/16/2023","2,488.18","2,483.48","2,491.98","2,472.69","407.44M","0.06%"
"11/17/2023","2,469.85","2,477.43","2,481.10","2,463.59","388.97M","-0.74%"
"11/20/2023","2,491.20","2,464.72","2,499.75","2,464.04","323.81M","0.86%"
"11/21/2023","2,510.42","2,504.70","2,517.74","2,500.91","345.06M","0.77%"
"11/22/2023","2,511.70","2,493.17","2,516.72","2,490.43","439.48M","0.05%"
"11/23/2023","2,514.96","2,515.83","2,522.20","2,507.30","360.87M","0.13%"
"11/24/2023","2,496.63","2,517.88","2,521.56","2,496.63","359.38M","-0.73%"
"11/27/2023","2,495.66","2,501.83","2,511.37","2,489.18","364.74M","-0.04%"
"11/28/2023","2,521.76","2,506.14","2,522.45","2,502.26","443.09M","1.05%"
"11/29/2023","2,519.81","2,518.80","2,523.98","2,501.44","579.27M","-0.08%"
"11/30/2023","2,535.29","2,512.11","2,535.29","2,507.80","664.28M","0.61%"
"12/01/2023","2,505.01","2,520.49","2,520.49","2,504.06","516.60M","-1.19%"
"12/04/2023","2,514.95","2,522.22","2,525.63","2,510.52","498.86M","0.40%"
"12/05/2023","2,494.28","2,507.45","2,509.74","2,492.55","427.07M","-0.82%"
"12/06/2023","2,495.38","2,503.57","2,509.67","2,495.38","390.99M","0.04%"
"12/07/2023","2,492.07","2,493.14","2,499.73","2,481.00","446.88M","-0.13%"
"12/08/2023","2,517.85","2,510.24","2,521.58","2,507.14","431.80M","1.03%"
"12/11/2023","2,525.36","2,524.79","2,528.89","2,512.45","435.00M","0.30%"
"12/12/2023","2,535.27","2,535.11","2,543.06","2,529.74","378.03M","0.39%"
"12/13/2023","2,510.66","2,531.23","2,531.23","2,509.89","377.93M","-0.97%"
"12/14/2023","2,544.18","2,547.74","2,549.65","2,532.16","530.12M","1.34%"
"12/15/2023","2,563.56","2,558.44","2,574.23","2,555.30","465.31M","0.76%"
"12/18/2023","2,566.86","2,568.77","2,573.13","2,556.05","384.83M","0.13%"
"12/19/2023","2,568.55","2,564.81","2,570.06","2,556.52","392.50M","0.07%"
"12/20/2023","2,614.30","2,586.99","2,615.38","2,584.85","570.42M","1.78%"
"12/21/2023","2,600.02","2,598.37","2,610.81","2,587.16","578.33M","-0.55%"
"12/22/2023","2,599.51","2,617.72","2,621.37","2,599.51","465.97M","-0.02%"
"12/26/2023","2,602.59","2,609.44","2,612.14","2,594.65","440.43M","0.12%"
"12/27/2023","2,613.50","2,599.35","2,613.50","2,590.08","349.73M","0.42%"
"12/28/2023","2,655.28","2,616.27","2,655.28","2,611.72","460.09M","1.60%"
"01/02/2024","2,669.81","2,645.47","2,675.80","2,641.88","409.87M","0.55%"
"01/03/2024","2,607.31","2,643.54","2,643.72","2,607.31","463.13M","-2.34%"
"01/04/2024","2,587.02","2,592.44","2,602.64","2,580.09","770.18M","-0.78%"
"01/05/2024","2,578.08","2,586.89","2,592.29","2,572.60","522.29M","-0.35%"
"01/08/2024","2,567.82","2,584.23","2,591.68","2,566.34","320.14M","-0.40%"
"01/09/2024","2,561.24","2,598.31","2,599.37","2,556.00","791.21M","-0.26%"
"01/10/2024","2,541.98","2,563.97","2,568.19","2,539.82","570.02M","-0.75%"
"01/11/2024","2,540.27","2,543.03","2,557.30","2,540.27","788.42M","-0.07%"
"01/12/2024","2,525.05","2,536.55","2,543.83","2,517.76","790.18M","-0.60%"
"01/15/2024","2,525.99","2,525.69","2,536.06","2,515.84","802.10M","0.04%"
"01/16/2024","2,497.59","2,516.27","2,524.35","2,491.13","659.58M","-1.12%"
"01/17/2024","2,435.90","2,501.23","2,503.91","2,435.34","965.60M","-2.47%"
"01/18/2024","2,440.04","2,439.96","2,453.97","2,429.12","571.51M","0.17%"
"01/19/2024","2,472.74","2,468.43","2,479.00","2,455.50","518.81M","1.34%"
"01/22/2024","2,464.35","2,489.57","2,490.69","2,464.35","388.05M","-0.34%"
"01/23/2024","2,478.61","2,478.32","2,482.84","2,464.24","472.28M","0.58%"
"01/24/2024","2,469.69","2,476.22","2,476.22","2,454.34","395.46M","-0.36%"
"01/25/2024","2,470.34","2,467.73","2,474.01","2,452.36","357.23M","0.03%"
"01/26/2024","2,478.56","2,458.05","2,502.61","2,453.45","292.66M","0.33%"
"01/29/2024","2,500.65","2,490.93","2,516.92","2,483.81","427.44M","0.89%"
"01/30/2024","2,498.81","2,523.68","2,528.54","2,498.81","481.81M","-0.07%"
"01/31/2024","2,497.09","2,487.90","2,502.45","2,486.97","454.57M","-0.07%"
"02/01/2024","2,542.46","2,491.93","2,542.46","2,491.93","751.08M","1.82%"
"02/02/2024","2,615.31","2,559.40","2,615.34","2,559.39","596.12M","2.87%"
"02/05/2024","2,591.31","2,612.77","2,612.77","2,562.50","511.68M","-0.92%"
"02/06/2024","2,576.20","2,584.20","2,599.18","2,563.87","411.62M","-0.58%"
"02/07/2024","2,609.58","2,592.59","2,625.24","2,588.09","518.18M","1.30%"
"02/08/2024","2,620.32","2,620.26","2,629.51","2,610.21","430.01M","0.41%"
"02/13/2024","2,649.64","2,644.17","2,656.87","2,640.96","559.39M","1.12%"
"02/14/2024","2,620.42","2,609.60","2,627.31","2,601.99","543.52M","-1.10%"
"02/15/2024","2,613.80","2,643.81","2,643.86","2,613.80","621.36M","-0.25%"
"02/16/2024","2,648.76","2,635.63","2,648.76","2,625.01","593.84M","1.34%"
"02/19/2024","2,680.26","2,653.12","2,683.39","2,653.12","422.70M","1.19%"
"02/20/2024","2,657.79","2,671.55","2,673.84","2,643.93","612.67M","-0.84%"
"02/21/2024","2,653.31","2,656.92","2,670.95","2,644.04","562.14M","-0.17%"
"02/22/2024","2,664.27","2,671.69","2,671.69","2,653.99","456.40M","0.41%"
"02/23/2024","2,667.70","2,681.03","2,694.80","2,665.21","415.38M","0.13%"
"02/26/2024","2,647.08","2,657.35","2,659.60","2,629.78","531.66M","-0.77%"
"02/27/2024","2,625.05","2,654.76","2,654.76","2,619.38","574.30M","-0.83%"
"02/28/2024","2,652.29","2,629.11","2,657.32","2,623.15","421.55M","1.04%"
"02/29/2024","2,642.36","2,643.48","2,647.56","2,628.62","496.06M","-0.37%"
"03/04/2024","2,674.27","2,664.52","2,682.80","2,662.32","404.01M","1.21%"
"03/05/2024","2,649.40","2,660.80","2,684.83","2,649.35","457.24M","-0.93%"
"03/06/2024","2,641.49","2,638.84","2,649.78","2,630.16","378.99M","-0.30%"
"03/07/2024","2,647.62","2,653.98","2,660.26","2,633.57","462.91M","0.23%"
"03/08/2024","2,680.35","2,676.79","2,688.00","2,668.38","454.26M","1.24%"
"03/11/2024","2,659.84","2,665.58","2,677.21","2,658.74","391.38M","-0.77%"
"03/12/2024","2,681.81","2,673.47","2,686.14","2,659.72","403.97M","0.83%"
"03/13/2024","2,693.57","2,694.71","2,701.45","2,679.54","498.76M","0.44%"
"03/14/2024","2,718.76","2,698.37","2,718.76","2,696.31","609.29M","0.94%"
"03/15/2024","2,666.84","2,701.91","2,705.59","2,666.84","584.95M","-1.91%"
"03/18/2024","2,685.84","2,678.52","2,688.07","2,665.28","408.18M","0.71%"
"03/19/2024","2,656.17","2,673.57","2,673.57","2,645.14","695.87M","-1.10%"
"03/20/2024","2,690.14","2,680.70","2,692.52","2,674.09","720.45M","1.28%"
"03/21/2024","2,754.86","2,731.18","2,755.45","2,724.25","825.23M","2.41%"
"03/22/2024","2,748.56","2,751.15","2,763.06","2,738.18","509.54M","-0.23%"
"03/25/2024","2,737.57","2,756.59","2,763.63","2,731.70","489.62M","-0.40%"
"03/26/2024","2,757.09","2,756.42","2,779.40","2,752.27","448.30M","0.71%"
"03/27/2024","2,755.11","2,745.00","2,762.03","2,745.00","510.64M","-0.07%"
"03/28/2024","2,745.82","2,753.22","2,756.86","2,742.68","419.28M","-0.34%"
"03/29/2024","2,746.63","2,757.27","2,757.55","2,739.12","495.50M","0.03%"
"04/01/2024","2,747.86","2,766.24","2,769.87","2,747.40","397.60M","0.04%"
"04/02/2024","2,753.16","2,744.15","2,760.33","2,737.19","630.39M","0.19%"
"04/03/2024","2,706.97","2,730.68","2,732.29","2,706.97","640.81M","-1.68%"
"04/04/2024","2,742.00","2,738.24","2,746.39","2,727.10","477.95M","1.29%"
"04/05/2024","2,714.21","2,713.96","2,730.47","2,705.31","621.03M","-1.01%"
"04/08/2024","2,717.65","2,718.76","2,725.58","2,706.74","620.65M","0.13%"
"04/09/2024","2,705.16","2,733.23","2,741.23","2,703.96","470.18M","-0.46%"
"04/11/2024","2,706.96","2,665.40","2,718.07","2,661.92","561.33M","0.07%"
"04/12/2024","2,681.82","2,710.89","2,712.45","2,678.21","514.58M","-0.93%"
"04/15/2024","2,670.43","2,661.36","2,673.26","2,641.16","561.95M","-0.42%"
"04/16/2024","2,609.63","2,644.17","2,647.60","2,601.45","570.21M","-2.28%"
"04/17/2024","2,584.18","2,619.15","2,626.63","2,584.18","414.35M","-0.98%"
"04/18/2024","2,634.70","2,595.46","2,642.03","2,593.26","478.79M","1.95%"
"04/19/2024","2,591.86","2,600.69","2,609.90","2,553.55","809.47M","-1.63%"
"04/22/2024","2,629.44","2,615.72","2,629.44","2,604.37","401.89M","1.45%"
"04/23/2024","2,623.02","2,632.15","2,641.78","2,619.72","430.28M","-0.24%"
"04/24/2024","2,675.75","2,662.84","2,677.85","2,662.84","325.74M","2.01%"
"04/25/2024","2,628.62","2,646.80","2,656.51","2,628.62","334.06M","-1.76%"
"04/26/2024","2,656.33","2,650.94","2,662.10","2,641.35","450.52M","1.05%"
"04/29/2024","2,687.44","2,675.46","2,687.44","2,665.21","470.55M","1.17%"
"04/30/2024","2,692.06","2,693.22","2,710.23","2,687.29","460.08M","0.17%"
"05/01/2024","2,692.06","2,693.22","2,710.23","2,687.29","460.08M","0.00%"
"05/02/2024","2,683.65","2,679.04","2,692.47","2,678.84","351.09M","-0.31%"
"05/03/2024","2,676.63","2,704.31","2,705.26","2,676.63","338.61M","-0.26%"
"05/07/2024","2,734.36","2,718.17","2,734.36","2,716.62","532.20M","2.16%"
"05/08/2024","2,745.05","2,732.11","2,745.05","2,727.93","436.32M","0.39%"
"05/09/2024","2,712.14","2,743.29","2,749.14","2,710.25","423.81M","-1.20%"
"05/10/2024","2,727.63","2,737.95","2,743.58","2,723.21","586.13M","0.57%"
"05/13/2024","2,727.21","2,735.20","2,738.38","2,713.92","625.28M","-0.02%"
"05/14/2024","2,730.34","2,732.98","2,735.82","2,722.74","443.30M","0.11%"
"05/16/2024","2,753.00","2,770.27","2,773.46","2,748.22","521.84M","0.83%"
"05/17/2024","2,724.62","2,751.47","2,752.17","2,724.62","575.94M","-1.03%"
"05/20/2024","2,742.14","2,741.24","2,756.41","2,734.64","582.07M","0.64%"
"05/21/2024","2,724.18","2,733.03","2,734.48","2,719.74","560.82M","-0.65%"
"05/22/2024","2,723.46","2,723.46","2,733.07","2,707.87","484.72M","-0.03%"
"05/23/2024","2,721.81","2,719.03","2,734.27","2,704.00","428.08M","-0.06%"
"05/24/2024","2,687.60","2,693.65","2,696.99","2,681.17","501.64M","-1.26%"
"05/27/2024","2,722.99","2,697.16","2,725.08","2,693.66","556.71M","1.32%"
"05/28/2024","2,722.85","2,715.52","2,730.12","2,714.34","440.96M","-0.01%"
"05/29/2024","2,677.30","2,719.56","2,721.63","2,677.07","438.98M","-1.67%"
"05/30/2024","2,635.44","2,666.63","2,666.63","2,635.44","372.74M","-1.56%"
"05/31/2024","2,636.52","2,657.87","2,664.48","2,635.77","613.72M","0.04%"
"06/03/2024","2,682.52","2,657.81","2,690.73","2,657.81","782.33M","1.74%"
"06/04/2024","2,662.10","2,668.73","2,679.47","2,659.43","773.46M","-0.76%"
"06/05/2024","2,689.50","2,681.11","2,697.43","2,667.63","881.48M","1.03%"
"06/07/2024","2,722.67","2,718.25","2,729.63","2,705.23","783.87M","1.23%"
"06/10/2024","2,701.17","2,698.71","2,718.89","2,689.19","506.89M","-0.79%"
"06/11/2024","2,705.32","2,716.72","2,718.88","2,702.17","558.89M","0.15%"
"06/12/2024","2,728.17","2,709.65","2,730.30","2,707.44","511.01M","0.84%"
"06/13/2024","2,754.89","2,764.18","2,776.72","2,752.61","700.03M","0.98%"
"06/14/2024","2,758.42","2,759.22","2,769.16","2,750.86","644.98M","0.13%"
"06/17/2024","2,744.10","2,754.83","2,759.86","2,741.03","593.99M","-0.52%"
"06/18/2024","2,763.92","2,765.70","2,772.35","2,759.03","561.97M","0.72%"
"06/19/2024","2,797.33","2,786.16","2,799.32","2,786.16","646.71M","1.21%"
"06/20/2024","2,807.63","2,802.10","2,812.62","2,796.37","758.17M","0.37%"
"06/21/2024","2,784.26","2,794.87","2,797.00","2,777.33","631.14M","-0.83%"
"06/24/2024","2,764.73","2,772.85","2,782.90","2,758.09","594.17M","-0.70%"
"06/25/2024","2,774.39","2,765.76","2,780.42","2,765.76","714.24M","0.35%"
"06/26/2024","2,792.05","2,767.43","2,792.07","2,762.98","535.03M","0.64%"
"06/27/2024","2,784.06","2,767.62","2,784.33","2,761.55","397.17M","-0.29%"
"06/28/2024","2,797.82","2,792.79","2,797.82","2,782.40","610.55M","0.49%"
"07/01/2024","2,804.31","2,792.96","2,805.95","2,783.98","459.22M","0.23%"
"07/02/2024","2,780.86","2,798.65","2,805.42","2,776.62","538.84M","-0.84%"
"07/03/2024","2,794.01","2,797.14","2,799.70","2,774.71","340.34M","0.47%"
"07/04/2024","2,824.94","2,817.06","2,824.94","2,808.88","393.74M","1.11%"
"07/05/2024","2,862.23","2,836.21","2,871.96","2,836.21","378.16M","1.32%"
"07/08/2024","2,857.76","2,862.58","2,868.99","2,855.53","425.06M","-0.16%"
"07/09/2024","2,867.38","2,872.63","2,875.37","2,854.13","456.43M","0.34%"
"07/10/2024","2,867.99","2,863.05","2,871.56","2,858.87","472.47M","0.02%"
"07/11/2024","2,891.35","2,888.76","2,896.43","2,879.28","462.22M","0.81%"
"07/12/2024","2,857.00","2,867.75","2,872.25","2,844.88","408.18M","-1.19%"
"07/15/2024","2,860.92","2,869.15","2,872.90","2,848.93","424.46M","0.14%"
"07/16/2024","2,866.09","2,861.71","2,872.21","2,857.07","677.91M","0.18%"
"07/17/2024","2,843.29","2,865.90","2,868.58","2,841.33","549.09M","-0.80%"
"07/18/2024","2,824.35","2,805.64","2,824.35","2,799.02","658.37M","-0.67%"
"07/19/2024","2,795.46","2,800.21","2,802.68","2,776.99","426.21M","-1.02%"
"07/22/2024","2,763.51","2,790.99","2,795.12","2,752.63","463.88M","-1.14%"
"07/23/2024","2,774.29","2,788.83","2,796.92","2,765.81","423.40M","0.39%"
"07/24/2024","2,758.71","2,755.50","2,778.31","2,748.65","469.22M","-0.56%"
"07/25/2024","2,710.65","2,721.29","2,725.15","2,703.86","440.32M","-1.74%"
"07/26/2024","2,731.90","2,724.99","2,738.40","2,715.75","516.47M","0.78%"
"07/29/2024","2,765.53","2,748.32","2,776.86","2,742.69","456.52M","1.23%"
"07/30/2024","2,738.19","2,744.40","2,754.53","2,732.82","392.87M","-0.99%"
"07/31/2024","2,770.69","2,745.58","2,770.70","2,733.63","557.09M","1.19%"
"08/01/2024","2,777.68","2,787.27","2,794.11","2,772.97","480.83M","0.25%"
"08/02/2024","2,676.19","2,719.39","2,725.05","2,666.40","531.78M","-3.65%"
"08/05/2024","2,441.55","2,611.30","2,611.30","2,386.96","763.78M","-8.77%"
"08/06/2024","2,522.15","2,533.34","2,578.77","2,491.47","567.27M","3.30%"
"08/07/2024","2,568.41","2,515.27","2,594.83","2,510.82","476.99M","1.83%"
"08/08/2024","2,556.73","2,530.21","2,570.34","2,518.52","495.30M","-0.45%"
"08/09/2024","2,588.43","2,603.08","2,603.08","2,575.90","475.01M","1.24%"
"08/12/2024","2,618.30","2,602.16","2,622.86","2,602.01","293.08M","1.15%"
"08/13/2024","2,621.50","2,624.50","2,636.12","2,607.52","378.53M","0.12%"
"08/14/2024","2,644.50","2,649.11","2,653.71","2,632.44","328.75M","0.88%"
"08/16/2024","2,697.23","2,695.49","2,699.61","2,680.74","385.85M","1.99%"
"08/19/2024","2,674.36","2,697.97","2,699.84","2,664.28","395.64M","-0.85%"
"08/20/2024","2,696.63","2,699.74","2,706.05","2,686.06","484.19M","0.83%"
"08/21/2024","2,701.13","2,687.20","2,704.98","2,684.61","417.33M","0.17%"
"08/22/2024","2,707.67","2,710.95","2,711.38","2,690.35","441.76M","0.24%"
"08/23/2024","2,701.69","2,690.80","2,712.84","2,689.54","330.59M","-0.22%"
"08/26/2024","2,698.01","2,716.88","2,718.47","2,688.79","333.69M","-0.14%"
"08/27/2024","2,689.25","2,696.24","2,700.18","2,681.92","264.06M","-0.32%"
"08/28/2024","2,689.83","2,690.59","2,695.51","2,671.59","280.77M","0.02%"
"08/29/2024","2,662.28","2,657.18","2,672.90","2,649.56","288.84M","-1.02%"
"08/30/2024","2,674.31","2,676.72","2,686.51","2,668.66","278.84M","0.45%"
"09/02/2024","2,681.00","2,683.80","2,686.98","2,658.31","266.99M","0.25%"
"09/03/2024","2,664.63","2,683.12","2,695.59","2,664.63","303.46M","-0.61%"
"09/04/2024","2,580.80","2,589.94","2,608.13","2,578.07","455.47M","-3.15%"
"09/05/2024","2,575.50","2,598.36","2,615.80","2,560.65","379.00M","-0.21%"
"09/06/2024","2,544.28","2,576.66","2,576.94","2,529.31","374.78M","-1.21%"
"09/09/2024","2,535.93","2,498.67","2,543.22","2,491.30","270.23M","-0.33%"
"09/10/2024","2,523.43","2,542.69","2,544.83","2,522.48","347.65M","-0.49%"
"09/11/2024","2,513.37","2,524.86","2,526.13","2,493.37","302.56M","-0.40%"
"09/12/2024","2,572.09","2,547.50","2,572.09","2,537.87","340.48M","2.34%"
"09/13/2024","2,575.41","2,571.81","2,584.11","2,562.91","358.26M","0.13%"
"09/19/2024","2,580.80","2,594.67","2,598.68","2,550.09","385.08M","0.21%"
"09/20/2024","2,593.37","2,603.83","2,619.55","2,591.40","495.96M","0.49%"
"09/23/2024","2,602.01","2,596.47","2,603.57","2,588.49","339.14M","0.33%"
"09/24/2024","2,631.68","2,612.45","2,631.68","2,597.81","355.10M","1.14%"
"09/25/2024","2,596.32","2,652.71","2,663.36","2,596.32","454.47M","-1.34%"
"09/26/2024","2,671.57","2,630.91","2,671.57","2,630.30","324.89M","2.90%"
"09/27/2024","2,649.78","2,674.58","2,681.45","2,649.78","413.00M","-0.82%"
"09/30/2024","2,593.27","2,665.24","2,668.66","2,593.27","358.92M","-2.13%"
"10/02/2024","2,561.69","2,566.55","2,591.61","2,555.46","351.00M","-1.22%"
"10/04/2024","2,569.71","2,563.70","2,585.59","2,555.57","414.33M","0.31%"
"10/07/2024","2,610.38","2,579.20","2,611.93","2,561.46","343.67M","1.58%"
"10/08/2024","2,594.36","2,592.65","2,601.96","2,581.79","318.24M","-0.61%"
"10/10/2024","2,599.16","2,611.65","2,613.61","2,596.86","618.56M","0.19%"
"10/11/2024","2,596.91","2,612.02","2,621.93","2,594.43","491.28M","-0.09%"
"10/14/2024","2,623.29","2,602.63","2,628.54","2,602.63","401.71M","1.02%"
"10/15/2024","2,633.45","2,632.37","2,635.32","2,615.47","438.29M","0.39%"
"10/16/2024","2,610.36","2,606.70","2,622.33","2,601.35","437.55M","-0.88%"
"10/17/2024","2,609.30","2,620.74","2,622.71","2,603.52","331.26M","-0.04%"
"10/18/2024","2,593.82","2,616.04","2,618.32","2,587.96","265.20M","-0.59%"
"10/21/2024","2,604.92","2,600.77","2,618.71","2,594.05","240.68M","0.43%"
"10/22/2024","2,570.70","2,600.87","2,604.16","2,564.46","343.32M","-1.31%"
"10/23/2024","2,599.62","2,575.25","2,607.79","2,567.42","352.42M","1.12%"
"10/24/2024","2,581.03","2,591.69","2,600.26","2,578.80","343.10M","-0.72%"
"10/25/2024","2,583.27","2,597.44","2,611.27","2,577.00","462.90M","0.09%"
"10/28/2024","2,612.43","2,588.45","2,612.96","2,587.20","333.74M","1.13%"
"10/29/2024","2,617.80","2,606.94","2,617.80","2,595.86","363.29M","0.21%"
"10/30/2024","2,593.79","2,606.99","2,613.47","2,586.88","487.36M","-0.92%"
"10/31/2024","2,556.15","2,575.24","2,579.65","2,552.36","406.61M","-1.45%"
"11/01/2024","2,542.36","2,542.96","2,559.30","2,536.84","319.85M","-0.54%"
"11/04/2024","2,588.97","2,549.04","2,588.97","2,542.68","373.94M","1.83%"
"11/05/2024","2,576.88","2,570.24","2,586.73","2,564.66","310.88M","-0.47%"
"11/06/2024","2,563.51","2,591.90","2,592.75","2,544.04","548.51M","-0.52%"
"11/07/2024","2,564.63","2,557.23","2,579.81","2,540.48","465.15M","0.04%"
"11/08/2024","2,561.15","2,586.70","2,593.15","2,553.42","448.73M","-0.14%"
"11/11/2024","2,531.66","2,562.05","2,562.05","2,525.56","572.20M","-1.15%"
"11/12/2024","2,482.57","2,527.94","2,532.44","2,481.53","735.81M","-1.94%"
"11/13/2024","2,417.08","2,468.27","2,478.87","2,415.77","619.18M","-2.64%"
"11/14/2024","2,418.86","2,430.26","2,441.43","2,410.93","639.99M","0.07%"
"11/15/2024","2,416.86","2,413.05","2,433.18","2,390.56","623.33M","-0.08%"
"11/18/2024","2,469.07","2,440.31","2,480.01","2,437.53","443.93M","2.16%"
"11/19/2024","2,471.95","2,469.13","2,479.39","2,465.15","410.86M","0.12%"
"11/20/2024","2,482.29","2,475.76","2,489.15","2,471.79","408.79M","0.42%"
"11/21/2024","2,480.63","2,474.62","2,496.97","2,474.62","451.12M","-0.07%"
"11/22/2024","2,501.24","2,493.42","2,511.23","2,492.21","543.52M","0.83%"
"11/25/2024","2,534.34","2,524.11","2,541.76","2,517.98","564.69M","1.32%"
"11/26/2024","2,520.36","2,521.39","2,526.62","2,512.21","441.71M","-0.55%"
"11/27/2024","2,503.06","2,518.82","2,526.32","2,498.32","414.34M","-0.69%"
"11/28/2024","2,504.67","2,499.69","2,513.63","2,495.64","342.57M","0.06%"
"11/29/2024","2,455.91","2,496.93","2,496.93","2,446.96","384.28M","-1.95%"
"12/02/2024","2,454.48","2,479.02","2,483.29","2,448.45","328.11M","-0.06%"
"12/03/2024","2,500.10","2,472.06","2,500.67","2,471.55","324.14M","1.86%"
"12/04/2024","2,464.00","2,450.76","2,483.04","2,442.46","670.28M","-1.44%"
"12/05/2024","2,441.85","2,471.45","2,471.45","2,434.78","519.35M","-0.90%"
"12/06/2024","2,428.16","2,451.60","2,459.24","2,397.73","630.41M","-0.56%"
"12/09/2024","2,360.58","2,392.37","2,399.52","2,360.18","591.64M","-2.78%"
"12/10/2024","2,417.84","2,384.51","2,419.06","2,384.51","598.77M","2.43%"
"12/11/2024","2,442.51","2,412.15","2,443.34","2,411.38","617.72M","1.02%"
"12/12/2024","2,482.12","2,456.63","2,487.95","2,448.76","664.19M","1.62%"
"12/13/2024","2,494.46","2,473.75","2,500.32","2,470.24","577.74M","0.50%"
"12/16/2024","2,488.97","2,511.08","2,515.62","2,483.43","526.71M","-0.22%"
"12/17/2024","2,456.81","2,487.31","2,487.31","2,455.05","559.04M","-1.29%"
"12/18/2024","2,484.43","2,463.06","2,492.00","2,462.82","441.68M","1.12%"
"12/19/2024","2,435.93","2,426.55","2,450.05","2,423.59","504.47M","-1.95%"
"12/20/2024","2,404.15","2,429.63","2,430.69","2,389.86","617.78M","-1.30%"
"12/23/2024","2,442.01","2,423.36","2,446.97","2,413.62","428.17M","1.57%"
"12/24/2024","2,440.52","2,450.55","2,452.85","2,432.42","386.78M","-0.06%"
"12/26/2024","2,429.67","2,449.52","2,449.52","2,428.82","322.80M","-0.44%"
"12/27/2024","2,404.77","2,419.46","2,423.86","2,388.33","311.29M","-1.02%"
"12/30/2024","2,399.49","2,397.49","2,429.75","2,390.44","303.96M","-0.22%"