date,usd_krw,cny_krw,eur_krw,jpy_krw,usd_jpy,gold_krw,wti_krw,kospi,kosdaq
2023-01-02,"1,269.03",183.92,"1,353.04",9.705,130.73,2314317.3207,102194.9859,"2,225.67",671.51
2023-01-03,"1,279.10",184.92,"1,349.36",9.7612,131.0,2352891.659,98669.774,"2,218.68",674.95
2023-01-04,"1,270.98",184.47,"1,347.11",9.5815,132.62,2356511.3082,93315.3516,"2,255.98",683.67
2023-01-05,"1,274.26",185.1,"1,340.52",9.5515,133.4,2335960.6894,94320.7252,"2,264.65",679.92
2023-01-06,"1,253.50",183.26,"1,334.23",9.489,132.07,2338667.485,92445.625,"2,289.97",688.94
2023-01-09,"1,239.28",182.92,"1,329.50",9.3963,131.88,2319424.0552,92611.3944,"2,350.19",701.21
2023-01-10,"1,240.80",183.01,"1,331.87",9.3801,132.25,2329316.616,92588.496,"2,351.31",696.05
2023-01-11,"1,242.50",183.5,"1,336.31",9.3781,132.47,2331402.15,96579.525,"2,359.53",709.77
2023-01-12,"1,239.12",183.82,"1,344.20",9.5848,129.22,2350437.1632,97097.4432,"2,365.10",710.82
2023-01-13,"1,237.26",184.53,"1,339.71",9.6729,127.88,2375799.0246,99116.8986,"2,386.09",711.82
2023-01-16,"1,241.61",184.35,"1,342.93",9.6571,128.54,2381407.98,97888.5324,"2,399.86",716.89
2023-01-17,"1,237.34",182.62,"1,334.84",9.6562,128.13,2361327.2826,99915.205,"2,379.39",709.71
2023-01-18,"1,237.69",183.31,"1,335.72",9.6012,128.88,2356264.7144,98086.9325,"2,368.32",711.75
2023-01-19,"1,232.21",181.74,"1,334.11",9.5929,128.42,2379878.0719000003,99599.5343,"2,380.34",712.89
2023-01-20,"1,228.86",181.07,"1,333.80",9.4819,129.57,2367484.8102,100188.9558,"2,395.26",717.97
2023-01-25,"1,232.57",181.62,"1,345.35",9.5098,129.59,2398494.9401,99049.3252,"2,428.57",732.35
2023-01-26,"1,231.84",181.51,"1,341.35",9.4597,130.21,2376207.0416,99779.04,"2,468.65",738.94
2023-01-27,"1,229.62",181.19,"1,336.23",9.4674,129.85,2369895.8108,97471.9774,"2,484.02",741.25
2023-01-30,"1,231.46",182.41,"1,335.40",9.4394,130.44,2367506.4792,95844.5318,"2,450.47",738.62
2023-01-31,"1,233.30",182.57,"1,339.61",9.4782,130.09,2377654.404,97467.699,"2,425.08",740.49
2023-02-01,"1,222.28",181.26,"1,343.16",9.478,128.93,2383959.3576,93748.876,"2,449.80",750.96
2023-02-02,"1,224.78",181.83,"1,336.23",9.518,128.65,2342232.5286,92911.8108,"2,468.88",764.62
2023-02-03,"1,247.46",184.09,"1,346.38",9.5081,131.17,2327174.0538,91189.326,"2,480.40",766.79
2023-02-06,"1,260.25",185.36,"1,352.25",9.4984,132.65,2353340.44,93813.01,"2,438.19",761.33
2023-02-07,"1,255.68",184.82,"1,346.92",9.5793,131.05,2352905.7408000003,97252.416,"2,451.71",772.79
2023-02-08,"1,260.46",185.61,"1,349.83",9.5925,131.37,2364106.1714,98845.2732,"2,483.64",779.98
2023-02-09,"1,264.44",186.41,"1,357.50",9.6089,131.56,2353615.9716000003,98133.1884,"2,481.52",784.58
2023-02-10,"1,267.45",186.06,"1,353.26",9.6428,131.41,2363375.9915,100990.416,"2,469.73",772.44
2023-02-13,"1,272.89",186.51,"1,364.67",9.6118,132.4,2359161.5971000004,100800.1591,"2,452.70",772.55
2023-02-14,"1,272.53",186.36,"1,366.06",9.5593,133.11,2359639.6537,100262.6387,"2,465.64",779.58
2023-02-15,"1,283.54",187.24,"1,371.98",9.5658,134.11,2356823.3126,100822.067,"2,427.90",765.46
2023-02-16,"1,289.51",187.91,"1,375.65",9.6268,133.94,2369397.2544,100375.4584,"2,475.48",784.71
2023-02-17,"1,295.87",188.65,"1,385.80",9.6577,134.15,2386461.2332999995,98887.8397,"2,451.21",775.62
2023-02-20,"1,296.04",189.03,"1,384.43",9.6546,134.23,2386191.0856,99937.6444,"2,455.12",788.89
2023-02-21,"1,305.75",189.87,"1,390.10",9.6708,134.99,2395163.34,99302.2875,"2,458.96",793.42
2023-02-22,"1,302.65",188.96,"1,380.94",9.6543,134.9,2377388.356,96135.57,"2,417.68",778.51
2023-02-23,"1,297.89",187.86,"1,375.11",9.6326,134.7,2365586.2296,97951.7583,"2,439.09",783.28
2023-02-24,"1,314.45",188.91,"1,386.22",9.6304,136.46,2380219.2045,100305.6795,"2,423.61",778.88
2023-02-27,"1,317.40",189.64,"1,397.37",9.669,136.2,2394124.194,99595.44,"2,402.64",780.3
2023-02-28,"1,323.02",190.79,"1,399.23",9.711,136.2,2417355.993,101250.7206,"2,412.85",791.6
2023-03-02,"1,310.97",189.49,"1,389.10",9.5838,136.76,2406940.92,102006.5757,"2,427.85",787.19
2023-03-03,"1,295.73",187.52,"1,377.62",9.5351,135.86,2403540.2781,103334.4675,"2,432.07",802.42
2023-03-06,"1,296.86",187.12,"1,384.79",9.5392,135.91,2395105.891,104293.4812,"2,462.62",816.51
2023-03-07,"1,318.29",189.22,"1,390.40",9.6086,137.14,2390745.2808,101719.2564,"2,463.35",815.76
2023-03-08,"1,316.38",189.31,"1,387.99",9.5827,137.34,2387373.6042,100676.74240000002,"2,431.91",813.95
2023-03-09,"1,325.51",190.27,"1,402.39",9.7349,136.14,2426863.0039,99916.9438,"2,419.09",809.22
2023-03-10,"1,320.24",191.06,"1,405.13",9.7788,134.98,2465983.8792,101090.7768,"2,394.59",788.6
2023-03-13,"1,296.58",189.35,"1,391.10",9.7326,133.18,2480655.7534,96634.1074,"2,410.60",788.89
2023-03-14,"1,304.55",189.75,"1,400.04",9.7188,134.22,2481410.646,93627.5535,"2,348.97",758.05
2023-03-15,"1,313.04",190.08,"1,388.54",9.8407,133.4,2518542.024,89496.80639999999,"2,379.72",781.17
2023-03-16,"1,300.85",188.53,"1,379.55",9.7245,133.72,2496487.252,88861.0635,"2,377.91",781.98
2023-03-17,"1,308.37",189.94,"1,395.51",9.9239,131.79,2600947.9741,86823.43319999998,"2,395.69",797.39
2023-03-20,"1,304.36",189.59,"1,398.27",9.9319,131.31,2580950.1756,88005.16919999999,"2,379.20",802.2
2023-03-21,"1,303.42",189.29,"1,403.52",9.8342,132.49,2528830.313,90340.0402,"2,388.35",802.53
2023-03-22,"1,297.85",188.61,"1,408.82",9.8718,131.44,2556219.403,90745.672,"2,416.96",813.43
2023-03-23,"1,286.23",188.57,"1,392.99",9.8306,130.81,2564099.505,89251.4997,"2,424.48",812.19
2023-03-24,"1,294.66",188.49,"1,392.92",9.9041,130.69,2559827.6452,89461.006,"2,414.96",824.11
2023-03-27,"1,297.92",188.47,"1,401.23",9.8649,131.56,2539458.3552,94592.4096,"2,409.22",827.69
2023-03-28,"1,297.04",188.65,"1,406.38",9.9079,130.86,2559954.8776,95475.1144,"2,434.94",833.51
2023-03-29,"1,305.30",189.5,"1,415.34",9.8231,132.84,2563661.412,94986.681,"2,443.92",843.94
2023-03-30,"1,296.55",188.65,"1,413.37",9.7735,132.65,2567493.1375,96268.8375,"2,453.16",850.48
2023-03-31,"1,306.11",190.11,"1,415.69",9.8337,132.79,2570293.869,98702.73269999998,"2,476.86",847.52
2023-04-03,"1,308.58",190.23,"1,425.57",9.8813,132.41,2596366.6638,105157.4888,"2,472.34",854.96
2023-04-04,"1,310.08",190.37,"1,434.80",9.9459,131.69,2646322.2976,105933.0688,"2,480.51",857.18
2023-04-05,"1,317.05",191.39,"1,436.51",10.0293,131.31,2660901.9675,105943.502,"2,495.21",872.36
2023-04-06,"1,318.50",191.74,"1,439.93",10.0046,131.76,2647574.37,105954.66,"2,459.23",865.58
2023-04-10,"1,320.62",191.88,"1,434.06",9.8827,133.6,2627967.769,105385.47599999998,"2,512.08",887.78
2023-04-11,"1,322.03",191.95,"1,442.47",9.8888,133.65,2648211.1742,107626.4623,"2,547.86",898.94
2023-04-12,"1,322.63",192.34,"1,453.44",9.9334,133.12,2664662.9821,109831.19520000002,"2,550.64",890.62
2023-04-13,"1,301.14",189.46,"1,436.86",9.8166,132.56,2653974.2922,106979.7308,"2,561.66",894.25
2023-04-14,"1,304.00",189.71,"1,434.27",9.7459,133.77,2611964.16,107775.6,"2,571.49",903.84
2023-04-17,"1,319.11",191.7,"1,441.26",9.8075,134.46,2631321.0547,106702.8079,"2,575.91",909.5
2023-04-18,"1,319.13",191.83,"1,447.09",9.8347,134.09,2644763.3109000004,106889.10390000002,"2,571.09",909.02
2023-04-19,"1,329.71",193.09,"1,456.56",9.8694,134.69,2650457.7546,104967.3074,"2,575.08",909.2
2023-04-20,"1,323.61",192.56,"1,451.60",9.8593,134.23,2652964.4673999995,102142.9837,"2,563.11",885.71
2023-04-21,"1,329.36",192.8,"1,460.57",9.9073,134.15,2635974.6504,103663.4928,"2,544.40",868.82
2023-04-24,"1,332.51",193.2,"1,471.22",9.9256,134.22,2650202.4888,104828.5617,"2,523.50",855.23
2023-04-25,"1,340.89",193.41,"1,471.22",10.0268,133.71,2678923.9043,103691.0237,"2,489.02",838.71
2023-04-26,"1,338.01",193.14,"1,477.16",10.0098,133.66,2661944.1348,99614.8445,"2,484.83",830.44
2023-04-27,"1,339.17",193.37,"1,476.70",9.9953,133.94,2662095.8679,100210.0911,"2,495.81",850.21
2023-04-28,"1,337.78",193.51,"1,474.23",9.8142,136.28,2661713.977,102607.726,"2,501.53",842.83
2023-05-02,"1,342.21",194.15,"1,476.43",9.8287,136.53,2706271.1788,96155.9244,"2,524.39",855.61
2023-05-03,"1,334.44",193.03,"1,475.76",9.9068,134.68,2720949.8488000003,89741.09,"2,501.40",843.18
2023-05-04,"1,322.95",191.53,"1,456.70",9.85,134.27,2713515.9745000005,90979.2715,"2,500.94",845.06
2023-05-08,"1,321.49",191.17,"1,454.17",9.7808,135.08,2671246.6711,96468.77,"2,513.21",842.28
2023-05-09,"1,325.92",191.58,"1,453.21",9.8035,135.21,2697146.6864000005,97600.9712,"2,510.06",835.85
2023-05-10,"1,317.76",190.03,"1,446.90",9.807,134.34,2674407.0976,96051.5264,"2,496.51",829.74
2023-05-11,"1,330.83",191.5,"1,452.60",9.8895,134.54,2682354.4065,94968.0288,"2,491.00",824.54
2023-05-12,"1,342.41",192.9,"1,456.25",9.8896,135.71,2699787.8715000004,94116.3651,"2,475.42",822.43
2023-05-15,"1,335.36",192.06,"1,451.80",9.8102,136.11,2698228.416,95371.4112,"2,479.35",814.53
2023-05-16,"1,342.35",192.35,"1,457.93",9.8413,136.37,2669397.2099999995,94863.8745,"2,480.24",816.75
2023-05-17,"1,334.23",190.63,"1,446.17",9.6894,137.67,2644070.2756000003,97091.9171,"2,494.66",834.19
2023-05-18,"1,334.43",189.64,"1,437.05",9.6182,138.71,2612880.6615,96265.7802,"2,515.40",835.89
2023-05-19,"1,325.20",189.05,"1,431.48",9.6043,137.95,2619337.312,95321.636,"2,537.79",841.72
2023-05-22,"1,313.75",186.71,"1,420.30",9.478,138.6,2587338.6625,95062.95,"2,557.08",852.04
2023-05-23,"1,319.21",186.92,"1,420.79",9.5188,138.58,2605083.5633,97463.2348,"2,567.55",859.16
2023-05-24,"1,318.43",186.68,"1,417.05",9.4531,139.46,2580180.6943,97893.4275,"2,567.45",855.46
2023-05-25,"1,331.19",188.03,"1,426.90",9.5051,140.05,2582961.2046,95685.9372,"2,554.69",847.72
2023-05-26,"1,322.66",187.18,"1,418.42",9.4039,140.62,2574332.8378,96448.3672,"2,558.81",843.23
2023-05-30,"1,319.76",186.39,"1,416.50",9.439,139.79,2585594.6064,91815.7032,"2,585.52",851.5
2023-05-31,"1,320.56",185.67,"1,411.41",9.4766,139.34,2591334.888,89467.94,"2,577.12",856.94
2023-06-01,"1,312.64",184.95,"1,412.01",9.4545,138.79,2596244.4032000005,92029.1904,"2,569.17",863.78
2023-06-02,"1,305.92",184.27,"1,398.12",9.33,139.94,2543448.9696000004,93947.8848,"2,601.36",868.06
2023-06-05,"1,300.78",183.11,"1,393.40",9.3192,139.54,2551818.1728,93617.1366,"2,615.41",870.28
2023-06-07,"1,308.26",183.49,"1,399.45",9.3354,140.11,2537540.3438,94770.3544,"2,615.60",880.72
2023-06-08,"1,295.47",182.11,"1,396.65",9.324,138.91,2549174.0472,91797.0042,"2,610.85",876.13
2023-06-09,"1,287.32",180.55,"1,383.48",9.2367,139.34,2523919.592,90550.0888,"2,641.16",883.71
2023-06-12,"1,284.54",179.72,"1,381.78",9.2009,139.6,2513742.0168,86603.6868,"2,629.35",885.76
2023-06-13,"1,267.70",176.82,"1,367.98",9.0401,140.21,2463559.441,87724.84000000001,"2,637.95",896.81
2023-06-14,"1,274.01",177.79,"1,379.88",9.0936,140.09,2475388.6899,87346.1256,"2,619.08",871.83
2023-06-15,"1,270.00",178.31,"1,389.76",9.0501,140.27,2486215.5,89738.2,"2,608.54",878.04
2023-06-16,"1,276.15",179.03,"1,395.73",8.9965,141.82,2497884.964,91231.9635,"2,625.79",887.95
2023-06-19,"1,282.26",179.04,"1,400.36",9.03,141.98,2500560.8712,91284.0894,"2,609.50",888.61
2023-06-20,"1,288.23",179.37,"1,406.10",9.106,141.44,2493897.3393,91219.5663,"2,604.91",886.41
2023-06-21,"1,288.33",179.41,"1,415.10",9.0798,141.88,2489388.5258,93249.3254,"2,582.63",875.7
2023-06-22,"1,298.18",180.78,"1,422.29",9.0706,143.11,2484093.3936,89860.0196,"2,593.70",876.38
2023-06-23,"1,308.41",182.2,"1,424.73",9.1045,143.68,2513926.6376,90816.7381,"2,570.10",874.84
2023-06-26,"1,304.98",180.28,"1,422.95",9.092,143.5,2509280.793,90526.4626,"2,582.20",879.5
2023-06-27,"1,299.18",179.91,"1,423.77",9.0171,144.07,2485786.053,88136.37120000001,"2,581.39",874.14
2023-06-28,"1,308.90",180.66,"1,428.14",9.0581,144.46,2496622.038,90602.058,"2,564.19",866.97
2023-06-29,"1,322.21",182.29,"1,436.45",9.1325,144.77,2522975.0115,92105.1486,"2,550.02",861.79
2023-06-30,"1,315.11",181.31,"1,434.79",9.1106,144.32,2524445.7027,92544.2907,"2,564.28",868.24
2023-07-03,"1,304.20",180.1,"1,422.88",9.0131,144.66,2505929.006,91320.084,"2,602.47",889.29
2023-07-04,"1,294.35",179.4,"1,407.86",8.9599,144.45,2491740.2414999995,91898.85,"2,593.31",890.0
2023-07-05,"1,303.59",179.85,"1,414.66",9.0114,144.64,2499399.1788,93702.0492,"2,579.00",891.18
2023-07-06,"1,309.11",180.54,"1,425.23",9.0854,144.06,2501447.388,93967.9158,"2,556.29",870.53
2023-07-07,"1,297.90",179.72,"1,423.41",9.1337,142.07,2497523.012,95564.377,"2,526.71",867.27
2023-07-10,"1,299.40",179.66,"1,429.21",9.1947,141.31,2501332.006,94960.152,"2,520.70",860.35
2023-07-11,"1,291.47",179.09,"1,421.39",9.1985,140.37,2495107.1253,96537.3825,"2,562.49",878.73
2023-07-12,"1,274.49",177.83,"1,418.25",9.2014,138.5,2494291.6341,96606.342,"2,574.72",879.88
2023-07-13,"1,266.73",177.12,"1,421.78",9.1752,138.03,2483031.4787000003,97728.2195,"2,591.23",893.07
2023-07-14,"1,268.31",177.58,"1,423.93",9.1403,138.73,2479457.2683,95465.6937,"2,628.30",896.28
2023-07-17,"1,263.17",176.1,"1,419.44",9.104,138.71,2469168.9258000003,93752.4774,"2,619.00",898.29
2023-07-18,"1,264.95",176.14,"1,420.03",9.1108,138.81,2502969.2145,95895.8595,"2,607.62",914.14
2023-07-19,"1,266.94",175.28,"1,418.72",9.069,139.67,2505057.115,95337.235,"2,608.24",923.72
2023-07-20,"1,276.53",177.81,"1,420.52",9.1122,140.07,2514279.0186,96901.3923,"2,600.23",931.6
2023-07-21,"1,286.19",178.9,"1,430.37",9.0692,141.79,2521228.2237,98869.42530000002,"2,609.76",934.58
2023-07-24,"1,280.45",178.15,"1,416.43",9.051,141.44,2502652.3295,101078.723,"2,628.53",929.9
2023-07-25,"1,276.18",178.77,"1,410.56",9.058,140.9,2507157.7044,101277.6448,"2,636.46",939.96
2023-07-26,"1,270.80",177.69,"1,408.43",9.0616,140.21,2506144.68,100494.864,"2,592.36",900.63
2023-07-27,"1,283.78",178.92,"1,408.69",9.2047,139.44,2496939.2622,102304.4282,"2,603.81",883.79
2023-07-28,"1,272.83",178.02,"1,402.02",9.0157,141.15,2493728.536,102755.5659,"2,608.32",913.74
2023-07-31,"1,277.86",178.9,"1,405.13",8.9794,142.28,2509959.8334,104401.162,"2,632.58",935.97
2023-08-01,"1,289.00",179.58,"1,415.57",8.9925,143.32,2505919.12,106084.7,"2,667.07",939.67
2023-08-02,"1,298.93",180.6,"1,420.51",9.0625,143.32,2511559.0908,103654.614,"2,616.47",909.76
2023-08-03,"1,299.01",181.24,"1,421.64",9.1114,142.54,2511947.5974,106297.9883,"2,605.39",920.32
2023-08-04,"1,304.08",181.85,"1,435.79",9.1979,141.75,2532027.8096,107795.2528,"2,602.80",918.43
2023-08-07,"1,307.30",181.72,"1,438.55",9.1721,142.49,2531442.647,107773.812,"2,580.71",898.22
2023-08-08,"1,316.72",182.39,"1,442.34",9.1815,143.37,2534448.9904,108998.0816,"2,573.98",892.34
2023-08-09,"1,313.08",182.08,"1,440.84",9.1357,143.72,2514009.8372,110653.2516,"2,605.12",908.98
2023-08-10,"1,316.90",182.41,"1,445.82",9.0971,144.73,2517991.814,109197.348,"2,601.56",911.29
2023-08-11,"1,330.30",183.75,"1,455.88",9.1751,144.96,2545289.596,110547.93,"2,591.26",912.2
2023-08-14,"1,336.80",184.23,"1,458.64",9.1901,145.54,2550480.72,110138.952,"2,570.87",901.68
2023-08-16,"1,341.22",183.75,"1,459.11",9.1651,146.35,2537266.3472,106291.685,"2,525.64",878.29
2023-08-17,"1,339.27",183.66,"1,455.92",9.1825,145.83,2529733.7103,107221.9562,"2,519.85",886.04
2023-08-18,"1,339.17",183.87,"1,455.28",9.2096,145.37,2528607.4023,108727.2123,"2,504.50",877.32
2023-08-21,"1,339.15",183.72,"1,458.47",9.1597,146.17,2536269.751,107841.7495,"2,508.80",888.71
2023-08-22,"1,339.81",183.65,"1,452.89",9.1831,145.88,2542249.2807,107251.7905,"2,515.74",893.33
2023-08-23,"1,326.42",182.2,"1,440.36",9.1566,144.83,2539179.0702,104787.18,"2,505.50",882.87
2023-08-24,"1,327.35",182.33,"1,434.73",9.1008,145.87,2545100.7105,105258.855,"2,537.68",901.74
2023-08-25,"1,323.53",181.53,"1,429.41",9.038,146.41,2533937.8909,106438.2826,"2,519.14",899.38
2023-08-28,"1,323.81",181.57,"1,431.97",9.0332,146.54,2541265.1046,106421.0859,"2,543.41",909.38
2023-08-29,"1,318.06",181.01,"1,433.79",9.0346,145.87,2553240.3872,107645.9602,"2,552.16",916.24
2023-08-30,"1,323.49",181.64,"1,445.78",9.0483,146.24,2570535.2176,108420.3008,"2,561.22",923.81
2023-08-31,"1,325.14",182.54,"1,436.58",9.1037,145.53,2570427.0636,111165.9946,"2,556.27",928.4
2023-09-01,"1,317.55",181.42,"1,419.40",9.0083,146.23,2554465.94,113717.7405,"2,563.71",919.74
2023-09-04,"1,317.21",181.15,"1,421.88",8.9942,146.46,2553003.2499,113345.9205,"2,584.55",919.16
2023-09-05,"1,329.05",181.93,"1,425.67",8.9965,147.71,2559497.7805,115707.093,"2,582.18",921.48
2023-09-06,"1,333.58",182.22,"1,430.53",9.0308,147.65,2555512.6824,117208.3462,"2,563.34",917.95
2023-09-07,"1,333.45",181.92,"1,426.66",9.0526,147.29,2559143.9055000003,115903.474,"2,548.26",906.36
2023-09-08,"1,334.96",181.75,"1,428.27",9.031,147.81,2560199.6376,116702.2032,"2,547.68",914.18
2023-09-11,"1,325.49",181.81,"1,424.64",9.0415,146.58,2547141.1134,115874.3358,"2,556.88",912.55
2023-09-12,"1,326.15",181.85,"1,426.01",9.0159,147.08,2537269.7490000003,117947.781,"2,536.58",898.04
2023-09-13,"1,326.59",182.43,"1,423.17",8.9957,147.45,2528878.517,117801.192,"2,534.70",882.72
2023-09-14,"1,329.52",182.65,"1,414.74",9.0149,147.47,2539808.6464,120547.5784,"2,572.89",899.47
2023-09-15,"1,328.46",182.61,"1,415.57",8.9846,147.82,2555385.8022,121089.12900000002,"2,601.28",899.03
2023-09-18,"1,323.57",181.51,"1,414.90",8.9661,147.6,2558646.1098,121411.0761,"2,574.72",891.29
2023-09-19,"1,328.62",182.06,"1,418.57",8.9851,147.86,2565485.5028,121342.8646,"2,559.21",883.89
2023-09-20,"1,332.92",182.87,"1,420.76",8.9856,148.33,2572109.0656000003,119709.5452,"2,559.74",882.72
2023-09-21,"1,339.00",183.2,"1,427.11",9.0712,147.58,2570304.23,120938.48,"2,514.97",860.68
2023-09-22,"1,334.03",182.77,"1,421.01",8.99,148.37,2567994.4097,121303.3479,"2,508.13",857.35
2023-09-25,"1,338.01",182.97,"1,416.95",8.9866,148.88,2563172.2366,120728.6423,"2,495.76",839.17
2023-09-26,"1,352.93",184.98,"1,429.78",9.0735,149.05,2571229.9357000003,123197.8058,"2,462.97",827.82
2023-09-27,"1,354.54",185.26,"1,422.27",9.052,149.63,2539356.138,127773.7582,"2,465.07",841.02
2023-10-04,"1,351.62",185.1,"1,419.60",9.0633,149.12,2461408.1496,114374.0844,"2,405.69",807.4
2023-10-05,"1,345.72",184.29,"1,419.47",9.0609,148.5,2449223.8572,111842.7892,"2,403.60",801.02
2023-10-06,"1,344.61",184.14,"1,423.40",9.0031,149.32,2463675.1186,111723.6449,"2,408.73",816.39
2023-10-10,"1,341.33",183.82,"1,422.21",9.0186,148.7,2494994.5197,115582.4061,"2,402.58",795.0
2023-10-11,"1,338.42",183.32,"1,421.00",8.9718,149.15,2507677.0962,111503.7702,"2,450.08",817.12
2023-10-12,"1,348.96",184.7,"1,419.92",9.0045,149.8,2520734.1040000003,112800.0352,"2,479.82",835.49
2023-10-13,"1,352.21",185.06,"1,421.04",9.0406,149.55,2612064.057,118805.1706,"2,456.15",822.78
2023-10-16,"1,347.91",184.36,"1,423.17",9.0146,149.5,2587232.3704000004,116958.1507,"2,436.24",810.54
2023-10-17,"1,352.98",184.96,"1,430.78",9.0301,149.8,2601875.2486,119468.134,"2,460.17",820.38
2023-10-18,"1,353.86",185.06,"1,426.29",9.0293,149.92,2636899.5834,119654.1468,"2,462.60",808.89
2023-10-19,"1,356.02",185.39,"1,434.80",9.0528,149.78,2676376.674,122638.4488,"2,415.80",784.04
2023-10-20,"1,349.08",184.37,"1,429.08",9.0017,149.84,2672581.4432,120877.56799999998,"2,375.00",769.25
2023-10-23,"1,342.12",183.45,"1,431.77",8.9636,149.7,2647452.4908,116992.6004,"2,357.02",763.69
2023-10-24,"1,343.88",183.82,"1,422.90",8.964,149.91,2647591.4268,113786.31960000002,"2,383.51",784.86
2023-10-25,"1,352.44",184.81,"1,428.58",9.0007,150.21,2677317.2728,116539.7548,"2,363.17",770.84
2023-10-26,"1,352.69",184.88,"1,428.44",8.9934,150.38,2684846.1658,114383.4664,"2,299.08",743.85
2023-10-27,"1,354.91",185.16,"1,431.33",9.0551,149.6,2717651.3798,116684.8492,"2,302.81",748.49
2023-10-30,"1,345.63",183.99,"1,428.12",9.0232,149.1,2685716.0044000004,112212.0857,"2,310.55",757.12
2023-10-31,"1,352.15",184.79,"1,430.03",8.9133,151.67,2680907.805,110943.9075,"2,277.99",736.1
2023-11-01,"1,347.79",184.17,"1,424.27",8.9277,150.95,2671521.9485,109925.7524,"2,301.56",739.23
2023-11-02,"1,333.59",182.27,"1,416.27",8.864,150.44,2647856.2809,110941.3521,"2,343.12",772.84
2023-11-03,"1,308.23",179.16,"1,403.60",8.7554,149.37,2606347.3821,106620.745,"2,368.34",782.05
2023-11-06,"1,298.29",178.56,"1,391.38",8.6501,150.07,2567602.1672,105667.8231,"2,502.37",839.45
2023-11-07,"1,304.49",179.17,"1,395.67",8.674,150.34,2567758.116,101124.0648,"2,443.96",824.37
2023-11-08,"1,307.71",179.61,"1,400.17",8.6609,150.97,2549759.8809,99281.3432,"2,421.62",811.02
2023-11-09,"1,317.04",180.81,"1,404.75",8.7014,151.34,2579014.5576,99936.9952,"2,427.08",802.87
2023-11-10,"1,316.51",180.6,"1,406.16",8.6881,151.5,2549803.4029,102161.176,"2,409.66",789.31
2023-11-13,"1,319.11",180.94,"1,410.92",8.6938,151.71,2566842.9579,103945.868,"2,403.76",774.42
2023-11-14,"1,304.65",179.84,"1,419.33",8.6751,150.38,2560597.4155,102271.5135,"2,433.25",794.19
2023-11-15,"1,304.61",180.02,"1,414.98",8.6181,151.35,2555848.4048999995,100207.0941,"2,486.67",809.36
2023-11-16,"1,292.34",178.42,"1,402.19",8.5733,150.71,2559931.689,95025.7602,"2,488.18",811.11
2023-11-17,"1,294.35",179.45,"1,411.75",8.6492,149.62,2562825.9435,98888.34,"2,469.85",799.06
2023-11-20,"1,286.92",179.47,"1,407.63",8.6726,148.36,2544485.3548000003,100238.1988,"2,491.20",813.08
2023-11-21,"1,294.52",181.31,"1,412.19",8.7226,148.39,2586929.9324,100868.9984,"2,510.42",817.01
2023-11-22,"1,300.90",181.75,"1,416.29",8.6982,149.53,2588426.748,100091.246,"2,511.70",814.61
2023-11-23,"1,300.20",181.88,"1,417.74",8.6929,149.56,2589725.358,99569.316,"2,514.96",815.98
2023-11-24,"1,302.97",182.22,"1,425.32",8.7184,149.44,2608506.8509,98256.9677,"2,496.63",815.0
2023-11-27,"1,296.95",181.31,"1,420.55",8.7219,148.67,2611590.398,97777.0605,"2,495.66",810.25
2023-11-28,"1,287.25",180.08,"1,414.69",8.7271,147.48,2627135.6525000003,98938.035,"2,521.76",816.44
2023-11-29,"1,291.17",181.04,"1,416.16",8.7686,147.24,2639913.2703,100556.3196,"2,519.81",822.44
2023-11-30,"1,299.35",182.07,"1,414.34",8.767,148.19,2645151.7625,98529.7105,"2,535.29",831.68
2023-12-01,"1,293.40",181.12,"1,407.48",8.8082,146.81,2678502.0600000005,96435.904,"2,505.01",827.24
2023-12-04,"1,309.75",183.35,"1,419.25",8.8965,147.2,2658451.965,96161.845,"2,514.95",828.52
2023-12-05,"1,313.58",183.67,"1,417.26",8.9215,147.15,2652669.7236,94906.155,"2,494.28",813.38
2023-12-06,"1,316.15",183.82,"1,416.44",8.934,147.31,2665072.135,91617.2015,"2,495.38",819.54
2023-12-07,"1,313.00",183.74,"1,418.11",9.1177,144.12,2663210.42,91765.57,"2,492.07",813.2
2023-12-08,"1,316.41",183.66,"1,416.59",9.0812,144.93,2637282.6299000005,93939.0176,"2,517.85",830.37
2023-12-11,"1,316.25",183.41,"1,416.68",9.0049,146.16,2607886.125,94072.3875,"2,525.36",835.25
2023-12-12,"1,310.90",182.64,"1,414.72",9.0121,145.43,2594847.896,90163.702,"2,535.27",839.53
2023-12-13,"1,294.83",183.6,"1,432.02",9.2172,142.88,2623830.5637,90638.1,"2,510.66",829.31
2023-12-14,"1,288.65",181.21,"1,416.36",9.082,141.87,2623085.7345000003,92421.978,"2,544.18",840.59
2023-12-15,"1,300.40",182.67,"1,416.66",9.1462,142.15,2624454.276,93563.78,"2,563.56",838.31
2023-12-18,"1,302.89",182.62,"1,423.02",9.1252,142.74,2640958.0300000003,94615.8718,"2,566.86",850.96
2023-12-19,"1,300.21",182.34,"1,427.63",9.0387,143.82,2652584.4252,96176.5337,"2,568.55",858.3
2023-12-20,"1,303.08",182.58,"1,425.31",9.075,143.56,2644196.9052,95737.2876,"2,614.30",862.98
2023-12-21,"1,294.86",181.35,"1,425.38",9.1104,142.1,2648623.1814,95418.23339999998,"2,600.02",859.44
2023-12-22,"1,297.25",181.81,"1,428.27",9.1073,142.41,2663228.305,95088.425,"2,599.51",854.62
2023-12-26,"1,293.99",181.14,"1,428.82",9.0864,142.38,2674159.734,97204.5288,"2,602.59",848.34
2023-12-27,"1,292.78",181.03,"1,435.37",9.1144,141.83,2685310.9048,95562.2976,"2,613.50",859.79
2023-12-28,"1,289.23",181.34,"1,425.76",9.115,141.39,2662079.4578,92721.4216,"2,655.28",866.57
2024-01-02,"1,311.32",183.51,"1,434.58",9.2353,141.98,2699850.5216,92330.0412,"2,669.81",878.93
2024-01-03,"1,309.50",183.12,"1,430.10",9.1382,143.29,2672401.41,95554.215,"2,607.31",871.57
2024-01-04,"1,313.08",183.39,"1,436.90",9.0776,144.62,2682963.8408,94830.6376,"2,587.02",866.25
2024-01-05,"1,314.16",183.98,"1,437.82",9.0845,144.65,2688114.2800000003,97076.9992,"2,578.08",878.33
2024-01-08,"1,311.77",183.34,"1,436.26",9.095,144.22,2660059.6768,92729.0213,"2,567.82",879.34
2024-01-09,"1,320.08",184.14,"1,442.72",9.1361,144.47,2679221.1672,95190.9688,"2,561.24",884.64
2024-01-10,"1,318.93",183.9,"1,447.00",9.048,145.73,2668722.9620000003,93907.816,"2,541.98",875.46
2024-01-11,"1,313.86",183.25,"1,441.30",9.043,145.28,2664626.3274,96358.4924,"2,540.27",882.53
2024-01-12,"1,313.22",183.18,"1,437.84",9.0611,144.9,2690420.0784,95536.755,"2,525.05",868.08
2024-01-15,"1,319.82",184.02,"1,444.94",9.0535,145.73,2711556.9917999995,95845.3284,"2,525.99",859.71
2024-01-16,"1,338.13",186.06,"1,455.08",9.0887,147.18,2713179.0067000003,96184.7844,"2,497.59",854.83
2024-01-17,"1,343.95",186.75,"1,462.35",9.0703,148.15,2695587.3940000003,97664.8465,"2,435.90",833.05
2024-01-18,"1,338.43",185.98,"1,455.41",9.0325,148.15,2707202.2081000004,98628.9067,"2,440.04",840.33
2024-01-19,"1,333.66",185.39,"1,453.29",9.0009,148.14,2706116.1694,97757.278,"2,472.74",842.67
2024-01-22,"1,339.05",186.14,"1,457.02",9.0403,148.09,2706206.6595,99759.225,"2,464.35",839.69
2024-01-23,"1,337.74",186.45,"1,451.05",9.015,148.36,2713859.7606,99434.2142,"2,478.61",840.11
2024-01-24,"1,331.98",186.19,"1,449.59",9.0291,147.5,2680729.6282,100298.094,"2,469.69",836.21
2024-01-25,"1,336.27",186.36,"1,449.32",9.0496,147.65,2698931.3325,102892.79,"2,470.34",823.74
2024-01-26,"1,336.75",186.22,"1,450.64",9.0205,148.16,2698015.995,104333.3375,"2,478.56",837.24
2024-01-29,"1,332.96",185.61,"1,444.00",9.0346,147.49,2708241.48,102531.2832,"2,500.65",819.14
2024-01-30,"1,328.53",185.11,"1,440.66",9.0003,147.6,2705046.5036,103226.781,"2,498.81",818.86
2024-01-31,"1,333.59",186.04,"1,442.41",9.0776,146.88,2716776.2121,101059.4502,"2,497.09",799.24
2024-02-01,"1,328.95",185.08,"1,444.57",9.0744,146.42,2730846.0655,98568.2215,"2,542.46",798.73
2024-02-02,"1,337.76",185.98,"1,442.64",9.0146,148.37,2727144.1584,96693.2928,"2,615.31",814.77
2024-02-05,"1,333.13",185.19,"1,431.91",8.9652,148.67,2699148.3171,96785.238,"2,591.31",807.99
2024-02-06,"1,326.87",184.5,"1,426.92",8.9678,147.94,2700790.8102,97339.18319999998,"2,576.20",807.03
2024-02-07,"1,328.29",184.59,"1,430.70",8.9634,148.18,2702034.0838,98187.1968,"2,609.58",811.92
2024-02-08,"1,331.29",184.98,"1,434.60",8.9151,149.31,2706752.2022,101697.2431,"2,620.32",826.58
2024-02-13,"1,340.73",186.36,"1,435.52",8.8896,150.79,2670908.4549,104134.4991,"2,649.64",845.15
2024-02-14,"1,329.91",184.86,"1,426.59",8.8302,150.55,2649699.3849000004,101738.115,"2,620.42",853.3
2024-02-15,"1,328.55",184.67,"1,430.98",8.8611,149.91,2662533.7695,103480.7595,"2,613.80",859.21
2024-02-16,"1,331.29",185.05,"1,434.33",8.8611,150.21,2680019.899,104466.3263,"2,648.76",857.6
2024-02-19,"1,333.72",185.27,"1,437.35",8.8832,150.11,2690953.4836000004,104470.2876,"2,680.26",858.47
2024-02-20,"1,333.79",185.42,"1,440.89",8.8907,149.99,2698964.0787,103288.6976,"2,657.79",866.17
2024-02-21,"1,333.04",185.39,"1,441.95",8.8686,150.28,2699392.6696,104390.3624,"2,653.31",864.07
2024-02-22,"1,327.25",184.47,"1,436.50",8.8167,150.51,2686499.9975,104122.7625,"2,664.27",870.11
2024-02-23,"1,329.95",184.8,"1,438.74",8.8351,150.5,2707405.814,102140.16,"2,667.70",868.57
2024-02-26,"1,331.90",185.04,"1,444.98",8.8375,150.69,2704636.0540000005,103635.139,"2,647.08",867.4
2024-02-27,"1,332.05",185.06,"1,444.48",8.8491,150.5,2703581.962,104672.489,"2,625.05",853.75
2024-02-28,"1,334.05",185.33,"1,445.58",8.8524,150.67,2714284.811,104456.115,"2,652.29",863.39
2024-02-29,"1,334.78",185.65,"1,441.90",8.8987,149.98,2727275.8872,104660.0998,"2,642.36",862.96
2024-03-04,"1,330.89",184.87,"1,444.55",8.8408,150.51,2814819.0411,104887.44090000002,"2,674.27",872.97
2024-03-05,"1,335.40",185.55,"1,449.58",8.8997,150.04,2841130.2700000005,104615.236,"2,649.40",866.37
2024-03-06,"1,329.03",184.62,"1,448.25",8.8953,149.37,2855141.8587,105219.3051,"2,641.49",870.67
2024-03-07,"1,323.09",183.94,"1,448.25",8.9362,148.03,2856763.0043999995,104934.2679,"2,647.62",863.37
2024-03-08,"1,316.00",183.12,"1,439.31",8.9463,147.07,2865603.16,102555.88,"2,680.35",873.18
2024-03-11,"1,310.74",182.45,"1,432.11",8.9196,146.94,2860650.7277999995,102447.4384,"2,659.84",875.93
2024-03-12,"1,311.68",182.63,"1,432.82",8.881,147.68,2830592.3232,102389.7408,"2,681.81",889.71
2024-03-13,"1,313.79",182.79,"1,437.94",8.8908,147.74,2856704.9760000003,104774.7525,"2,693.57",889.93
2024-03-14,"1,323.43",183.95,"1,440.02",8.9216,148.32,2859945.4643000006,107158.1271,"2,718.76",887.52
2024-03-15,"1,330.63",184.9,"1,448.66",8.9274,149.02,2868226.1902,107820.94890000002,"2,666.84",880.46
2024-03-18,"1,336.21",185.62,"1,452.59",8.9576,149.14,2886200.2379,110397.6702,"2,685.84",894.48
2024-03-19,"1,337.24",185.74,"1,452.91",8.8641,150.85,2884734.2452,110830.4512,"2,656.17",891.91
2024-03-20,"1,329.18",184.62,"1,451.60",8.7856,151.25,2905534.3128,109032.6354,"2,690.14",891.45
2024-03-21,"1,334.07",185.3,"1,448.80",8.7982,151.61,2909353.1967,108513.2538,"2,754.86",904.29
2024-03-22,"1,343.43",185.82,"1,451.58",8.8705,151.42,2907384.0345,109073.0817,"2,748.56",903.98
2024-03-25,"1,338.84",185.64,"1,450.77",8.8419,151.41,2907224.118,110293.6392,"2,737.57",913.69
2024-03-26,"1,342.89",186.02,"1,454.35",8.8593,151.55,2925593.2962,109593.2529,"2,757.09",916.09
2024-03-27,"1,349.82",186.76,"1,461.32",8.9197,151.32,2961532.0764,110752.731,"2,755.11",911.25
2024-03-28,"1,349.48",186.71,"1,455.68",8.9139,151.37,3012552.1624000003,112600.6112,"2,745.82",910.05
2024-04-01,"1,353.34",187.16,"1,453.89",8.9235,151.63,3045502.2024,113870.0276,"2,747.86",912.45
2024-04-02,"1,351.45",186.82,"1,455.24",8.9163,151.55,3081441.145,115886.8375,"2,753.16",891.59
2024-04-03,"1,344.74",185.88,"1,457.03",8.8639,151.68,3091785.8658000003,115392.1394,"2,706.97",879.96
2024-04-04,"1,351.08",186.76,"1,463.90",8.9263,151.33,3093203.0844,117841.19759999998,"2,742.00",882.9
2024-04-05,"1,350.91",186.73,"1,463.71",8.9093,151.61,3146944.845,117475.1336,"2,714.21",872.29
2024-04-08,"1,353.78",187.22,"1,469.80",8.9164,151.79,3166342.5042,117548.7174,"2,717.65",860.57
2024-04-09,"1,351.03",186.79,"1,466.54",8.9001,151.77,3178406.1574,115472.5341,"2,705.16",859.33
2024-04-11,"1,367.01",188.88,"1,465.98",8.9184,153.27,3244242.8124,117029.7261,"2,706.96",858.1
2024-04-12,"1,379.69",190.63,"1,468.27",8.9993,153.28,3233206.9367,118101.464,"2,681.82",860.47
2024-04-15,"1,386.91",191.6,"1,473.18",8.989,154.27,3304326.9441000004,119080.0926,"2,670.43",852.42
2024-04-16,"1,389.50",191.96,"1,475.23",8.9807,154.71,3310942.285,118843.935,"2,609.63",832.81
2024-04-17,"1,378.86",190.47,"1,471.38",8.931,154.38,3255226.4766,114252.3396,"2,584.18",833.03
2024-04-18,"1,379.41",190.55,"1,468.11",8.919,154.63,3280581.8325,113925.47190000002,"2,634.70",855.65
2024-04-19,"1,374.30",189.81,"1,464.18",8.8865,154.63,3285195.435,113640.867,"2,591.86",841.91
2024-04-22,"1,378.73",190.33,"1,468.62",8.9036,154.84,3207325.8117,113855.5234,"2,629.44",845.82
2024-04-23,"1,373.05",189.5,"1,469.03",8.8675,154.82,3187961.2205,115226.356,"2,623.02",845.44
2024-04-24,"1,377.03",190.04,"1,473.01",8.864,155.34,3188953.6146,114513.8148,"2,675.75",862.23
2024-04-25,"1,371.41",189.41,"1,471.39",8.8103,155.65,3197826.4098000005,115472.722,"2,628.62",853.26
2024-04-26,"1,376.43",189.94,"1,471.68",8.6923,158.33,3217707.9396,115812.8202,"2,656.33",856.82
2024-04-29,"1,374.67",190.07,"1,473.51",8.7928,156.33,3209084.6348,114070.1166,"2,687.44",869.72
2024-04-30,"1,385.38",191.3,"1,477.37",8.7788,157.8,3166382.9666000004,113171.6922,"2,692.06",868.93
2024-05-02,"1,366.75",188.72,"1,465.84",8.8946,153.63,3148021.6075,108697.6275,"2,683.65",867.48
2024-05-03,"1,354.63",187.05,"1,457.31",8.8532,152.98,3117762.2228,106053.98270000002,"2,676.63",865.59
2024-05-07,"1,358.79",188.22,"1,461.12",8.7835,154.69,3143954.7141,106705.7787,"2,734.36",871.26
2024-05-08,"1,364.39",188.82,"1,466.22",8.7739,155.48,3149898.9735000003,108428.0733,"2,745.05",872.42
2024-05-09,"1,365.09",188.99,"1,471.70",8.7798,155.46,3202337.3292,108988.7856,"2,712.14",870.15
2024-05-10,"1,369.65",189.51,"1,474.98",8.7939,155.72,3232565.751,107353.167,"2,727.63",864.16
2024-05-13,"1,366.11",188.87,"1,473.76",8.7448,156.2,3191301.2655,108264.2175,"2,727.21",854.43
2024-05-14,"1,364.79",188.66,"1,476.43",8.7246,156.42,3218133.8763,107108.7192,"2,730.34",862.15
2024-05-16,"1,348.49",186.77,"1,465.13",8.6775,155.38,3204605.5756,107056.6211,"2,753.00",870.37
2024-05-17,"1,351.76",187.09,"1,469.36",8.6829,155.65,3264351.7064,108113.7648,"2,724.62",855.06
2024-05-20,"1,359.97",187.95,"1,476.25",8.7027,156.24,3298090.4464,108376.0093,"2,742.14",847.08
2024-05-21,"1,363.00",188.31,"1,479.13",8.7271,156.15,3300695.32,107254.47,"2,724.18",846.51
2024-05-22,"1,364.73",188.46,"1,476.77",8.7036,156.77,3245669.1225,105807.5169,"2,723.46",845.72
2024-05-23,"1,367.34",188.8,"1,478.50",8.7125,156.93,3183673.4358,105585.9948,"2,721.81",846.58
2024-05-24,"1,365.93",188.57,"1,481.35",8.6991,156.99,3187752.7968000006,106788.4074,"2,687.60",839.41
2024-05-27,"1,359.93",187.71,"1,476.61",8.668,156.86,3196841.8482,107366.4735,"2,722.99",847.99
2024-05-28,"1,362.42",188.05,"1,478.91",8.669,157.16,3216605.499,109742.931,"2,722.85",851.01
2024-05-29,"1,370.08",188.99,"1,479.69",8.6895,157.6,3204302.0016,108962.4624,"2,677.30",838.45
2024-05-30,"1,374.74",190.05,"1,488.84",8.7652,156.81,3221015.82,107270.9622,"2,635.44",831.99
2024-05-31,"1,381.68",190.79,"1,497.88",8.7826,157.31,3215127.9096,106997.2992,"2,636.52",839.98
2024-06-03,"1,370.36",189.21,"1,493.97",8.777,156.1,3220825.626,101790.3408,"2,682.52",844.72
2024-06-04,"1,372.93",189.63,"1,493.47",8.8633,154.87,3195741.7024,100457.2881,"2,662.10",845.84
2024-06-05,"1,368.48",188.81,"1,487.13",8.765,156.1,3222469.3344000005,102115.9776,"2,689.50",850.75
2024-06-07,"1,378.80",190.23,"1,489.10",8.7973,156.7,3161188.548,104223.492,"2,722.67",866.18
2024-06-10,"1,373.60",189.51,"1,478.41",8.7463,157.02,3173840.16,107401.784,"2,701.17",864.71
2024-06-11,"1,377.50",189.88,"1,479.30",8.7683,157.07,3190661.925,107789.375,"2,705.32",868.36
2024-06-12,"1,369.84",189.17,"1,480.39",8.7401,156.71,3181521.892,107381.7576,"2,728.17",870.67
2024-06-13,"1,375.35",189.63,"1,476.44",8.7574,157.02,3167692.3665,107236.03949999998,"2,754.89",871.33
2024-06-14,"1,381.84",190.45,"1,478.57",8.7792,157.37,3223169.4368,108515.8952,"2,758.42",862.19
2024-06-17,"1,378.46",189.97,"1,479.64",8.7383,157.71,3196469.5402,110538.7074,"2,744.10",858.96
2024-06-18,"1,378.64",190.04,"1,480.38",8.7311,157.85,3209928.8712,111917.99520000002,"2,763.92",858.95
2024-06-19,"1,380.97",190.29,"1,483.58",8.7342,158.08,3214180.0556,111830.9506,"2,797.33",861.17
2024-06-20,"1,391.93",191.71,"1,489.37",8.7581,158.9,3284439.7859000005,113637.1652,"2,807.63",857.51
2024-06-21,"1,387.01",191.02,"1,482.85",8.6786,159.79,3218334.7834,112292.3296,"2,784.26",852.67
2024-06-24,"1,386.37",190.97,"1,487.85",8.6854,159.59,3234304.1641,113723.9311,"2,764.73",841.52
2024-06-25,"1,390.44",191.44,"1,489.58",8.7055,159.69,3224444.2644,112709.0664,"2,774.39",841.99
2024-06-26,"1,392.90",191.68,"1,487.48",8.6602,160.79,3200758.839,112741.326,"2,792.05",842.12
2024-06-27,"1,386.35",190.72,"1,483.67",8.6232,160.74,3226660.3075,113944.1065,"2,784.06",838.65
2024-06-28,"1,380.73",189.99,"1,479.18",8.5824,160.83,3211177.5683,112957.5213,"2,797.82",840.44
2024-07-01,"1,382.50",190.21,"1,484.53",8.5614,161.45,3223575.2499999995,115673.775,"2,804.31",847.15
2024-07-02,"1,386.03",190.61,"1,489.15",8.5833,161.44,3228451.9584000004,115414.7181,"2,780.86",829.91
2024-07-03,"1,386.80",190.74,"1,495.66",8.5748,161.68,3267384.008,116297.048,"2,794.01",836.1
2024-07-04,"1,380.22",189.86,"1,492.16",8.5579,161.25,3251963.9464,116159.3152,"2,824.94",840.81
2024-07-05,"1,376.57",189.38,"1,491.65",8.5634,160.72,3292012.0922,115053.7206,"2,862.23",847.49
2024-07-08,"1,383.27",190.3,"1,496.97",8.5998,160.81,3262857.276,113995.2807,"2,857.76",859.27
2024-07-09,"1,382.92",190.15,"1,495.21",8.5715,161.31,3268642.0536,113178.1728,"2,867.38",860.42
2024-07-10,"1,382.81",190.05,"1,497.58",8.5517,161.67,3278739.3067,114220.106,"2,867.99",858.55
2024-07-11,"1,370.96",188.88,"1,489.96",8.6322,158.8,3310566.7888,113981.6144,"2,891.35",852.42
2024-07-12,"1,373.67",189.45,"1,498.12",8.6996,157.89,3312289.2609,113094.2511,"2,857.00",850.37
2024-07-15,"1,384.17",190.64,"1,507.91",8.7584,158.01,3352556.6319000004,113349.6813,"2,860.92",852.88
2024-07-16,"1,382.77",190.24,"1,506.80",8.7313,158.34,3413464.5389,111686.3329,"2,866.09",839.61
2024-07-17,"1,378.51",189.83,"1,507.68",8.8259,156.16,3388901.4138,114113.0578,"2,843.29",829.41
2024-07-18,"1,384.48",190.68,"1,508.39",8.7965,157.37,3385012.0656,113291.9984,"2,824.35",822.48
2024-07-19,"1,388.79",191.04,"1,510.59",8.8166,157.49,3334193.1441,110617.1235,"2,795.46",828.72
2024-07-22,"1,386.99",190.68,"1,510.43",8.8321,157.0,3325516.5735,109766.3886,"2,763.51",809.96
2024-07-23,"1,384.59",190.32,"1,502.42",8.8978,155.58,3335768.0739,108261.0921,"2,774.29",812.12
2024-07-24,"1,382.17",190.3,"1,498.00",8.9804,153.87,3313876.9703,108223.911,"2,758.71",814.25
2024-07-25,"1,382.22",191.12,"1,498.88",8.9778,153.93,3268259.19,109278.3132,"2,710.65",797.29
2024-07-26,"1,383.72",190.81,"1,502.17",9.001,153.72,3300960.9204,106837.0212,"2,731.90",797.56
2024-07-29,"1,380.57",190.15,"1,493.64",8.9624,154.01,3290643.8178,105337.491,"2,765.53",807.99
2024-07-30,"1,382.81",190.7,"1,495.51",9.0516,152.76,3330401.0882999995,104969.1071,"2,738.19",803.78
2024-07-31,"1,369.08",189.62,"1,482.03",9.1278,149.98,3351644.748,108348.9912,"2,770.69",803.15
2024-08-01,"1,369.08",188.98,"1,477.37",9.1657,149.36,3347975.6136,105925.7196,"2,777.68",813.53
2024-08-02,"1,356.63",189.46,"1,480.08",9.2571,146.54,3314640.5127000003,101326.6947,"2,676.19",779.33
2024-08-05,"1,366.40",191.62,"1,496.48",9.4744,144.17,3289812.9600000004,101960.768,"2,441.55",691.28
2024-08-06,"1,374.52",192.04,"1,502.35",9.5221,144.3,3284236.8524,100683.59,"2,522.15",732.87
2024-08-07,"1,374.47",191.49,"1,501.06",9.3693,146.69,3273341.5391,104239.8048,"2,568.41",748.54
2024-08-08,"1,373.43",191.35,"1,499.51",9.3247,147.28,3332971.2525,104998.7235,"2,556.73",745.28
2024-08-09,"1,364.19",190.3,"1,489.15",9.3024,146.61,3316250.3967,105588.306,"2,588.43",764.43
2024-08-12,"1,368.88",190.77,"1,496.32",9.2982,147.19,3384213.58,109277.6904,"2,618.30",772.72
2024-08-13,"1,361.41",190.25,"1,496.33",9.2708,146.82,3355916.4923000005,107469.7054,"2,621.50",764.86
2024-08-14,"1,356.00",189.94,"1,493.23",9.2026,147.31,3318999.84,105361.2,"2,644.50",776.83
2024-08-16,"1,349.11",188.28,"1,487.80",9.1391,147.58,3382596.5208,105594.83969999998,"2,697.23",786.33
2024-08-26,"1,327.48",186.37,"1,481.60",9.1842,144.52,3341121.1372,101884.09,"2,698.01",766.79
2024-08-27,"1,325.77",186.07,"1,482.74",9.2067,143.95,3346999.1689000004,99936.5426,"2,689.25",764.95
2024-08-28,"1,335.98",187.46,"1,485.61",9.2372,144.57,3342955.955,98835.8004,"2,689.83",762.5
2024-08-29,"1,333.24",187.83,"1,476.83",9.1954,144.98,3361338.0232,100139.6564,"2,662.28",756.04
2024-08-30,"1,336.56",188.47,"1,476.50",9.142,146.16,3345449.7768,97809.4608,"2,674.31",767.66
2024-09-02,"1,337.48",187.9,"1,480.72",9.1016,146.9,3342750.3892,97957.0352,"2,681.00",769.21
2024-09-03,"1,339.29",188.05,"1,478.98",9.206,145.47,3338528.5404000003,93495.8349,"2,664.63",760.37
2024-09-04,"1,333.34",187.45,"1,477.61",9.2754,143.73,3325603.2946,91787.1256,"2,580.80",731.75
2024-09-05,"1,333.04",187.91,"1,481.01",9.2914,143.44,3354355.2128000003,91846.456,"2,575.50",725.28
2024-09-06,"1,337.26",188.61,"1,482.09",9.3968,142.27,3339178.3378000003,90452.2664,"2,544.28",706.59
2024-09-09,"1,341.66",188.59,"1,480.39",9.3691,143.17,3361193.7150000003,91460.9622,"2,535.93",714.46
2024-09-10,"1,343.21",188.63,"1,480.08",9.4274,142.43,3379677.5452,88275.76120000001,"2,523.43",706.2
2024-09-11,"1,338.99",188.06,"1,474.35",9.4049,142.35,3362793.0456000003,89270.4633,"2,513.37",709.42
2024-09-12,"1,335.56",187.63,"1,479.00",9.416,141.79,3417364.15,91552.638,"2,572.09",731.03
2024-09-13,"1,328.21",187.22,"1,471.13",9.43,140.82,3422133.065,90769.8714,"2,575.41",733.2
2024-09-19,"1,326.86",187.72,"1,480.91",9.3022,142.62,3431896.8528,94087.6426,"2,580.80",739.51
2024-09-20,"1,331.64",188.83,"1,486.38",9.2526,143.91,3491506.8144000005,94706.2368,"2,593.37",748.33
2024-09-23,"1,333.62",189.1,"1,481.92",9.2858,143.6,3505286.808,93953.529,"2,602.01",755.12
2024-09-24,"1,325.18",188.45,"1,481.55",9.2515,143.21,3520605.706,94604.6002,"2,631.68",767.35
2024-09-25,"1,333.54",189.61,"1,484.50",9.2114,144.75,3542975.7428,92574.3468,"2,596.32",759.3
2024-09-26,"1,312.72",187.22,"1,467.10",9.0651,144.8,3505224.944,88175.4024,"2,671.57",779.18
2024-09-27,"1,308.30",186.6,"1,460.46",9.2004,142.19,3477422.151,89553.135,"2,649.78",774.49
2024-09-30,"1,317.01",187.62,"1,466.36",9.1682,143.62,3469649.6748999995,89741.0614,"2,593.27",763.88
2024-10-02,"1,323.82",188.59,"1,462.16",9.0382,146.46,3518382.605,93448.4538,"2,561.69",762.13
2024-10-04,"1,346.41",191.81,"1,477.82",9.0521,148.71,3571015.9225000003,99768.981,"2,569.71",768.98
2024-10-07,"1,345.15",191.63,"1,476.17",9.0772,148.18,3556011.637,103240.2625,"2,610.38",781.01
2024-10-08,"1,339.28",189.68,"1,470.53",9.037,148.19,3511511.8032,98396.9016,"2,594.36",778.24
2024-10-10,"1,349.15",190.54,"1,475.30",9.0803,148.56,3547562.9420000003,101267.199,"2,599.16",775.48
2024-10-11,"1,348.41",190.8,"1,474.76",9.04,149.13,3581376.9600000004,100995.909,"2,596.91",770.98
2024-10-14,"1,356.26",191.35,"1,479.54",9.0556,149.75,3595513.0730000003,96511.4616,"2,623.29",770.26
2024-10-15,"1,363.65",191.53,"1,485.01",9.1391,149.19,3628659.0135,96110.052,"2,633.45",773.81
2024-10-16,"1,363.70",191.54,"1,481.11",9.1126,149.62,3645497.388,95636.281,"2,610.36",765.79
2024-10-17,"1,369.84",192.29,"1,483.67",9.1189,150.2,3688362.692,96244.9584,"2,609.30",765.06
2024-10-18,"1,368.37",192.65,"1,486.87",9.1493,149.52,3722308.4925,94143.856,"2,593.82",753.22
2024-10-21,"1,379.02",193.68,"1,491.41",9.1417,150.83,3750451.743,96462.449,"2,604.92",759.95
2024-10-22,"1,378.27",193.48,"1,488.12",9.1222,151.06,3788009.7026,98353.3472,"2,570.70",738.34
2024-10-23,"1,379.93",193.63,"1,487.70",9.0327,152.75,3750014.9722,98126.8223,"2,599.62",745.19
2024-10-24,"1,378.55",193.61,"1,492.60",9.0792,151.82,3771299.235,96953.4215,"2,581.03",734.59
2024-10-25,"1,387.95",194.9,"1,498.01",9.1127,152.3,3813656.3355,99321.702,"2,583.27",727.41
2024-10-28,"1,382.09",193.95,"1,494.32",9.0156,153.28,3789663.1382,93705.702,"2,612.43",740.48
2024-10-29,"1,383.24",193.97,"1,496.39",9.019,153.35,3838670.8212,93064.3872,"2,617.80",744.18
2024-10-30,"1,378.27",193.69,"1,496.25",8.9831,153.41,3840122.0913,94756.0625,"2,593.79",738.19
2024-10-31,"1,372.58",192.82,"1,493.79",9.0278,152.03,3766085.004,96533.5514,"2,556.15",743.06
2024-11-01,"1,378.48",193.51,"1,493.31",9.0085,152.98,3770363.3568,95294.3224,"2,542.36",729.05
2024-11-04,"1,372.60",193.33,"1,492.98",9.0214,152.13,3755968.914,97756.572,"2,588.97",754.08
2024-11-05,"1,376.88",193.78,"1,504.93",9.0811,151.6,3777594.1992000006,98804.90880000002,"2,576.88",751.81
2024-11-06,"1,400.36",195.08,"1,502.31",9.0556,154.63,3723893.326399999,99999.7076,"2,563.51",743.31
2024-11-07,"1,379.89",193.21,"1,490.83",9.0218,152.93,3735348.4311,99227.8899,"2,564.63",733.52
2024-11-08,"1,396.23",194.48,"1,496.48",9.1466,152.63,3747160.1871,98057.2329,"2,561.15",743.38
2024-11-11,"1,399.08",193.89,"1,490.58",9.1015,153.71,3665869.416,95263.3572,"2,531.66",728.84
2024-11-12,"1,405.80",194.34,"1,493.38",9.0908,154.6,3651242.166,95481.936,"2,482.57",710.52
2024-11-13,"1,404.09",194.29,"1,483.14",9.0313,155.45,3613818.7602,95323.6701,"2,417.08",689.65
2024-11-14,"1,404.75",194.25,"1,479.20",8.9892,156.25,3604855.4025,96141.09,"2,418.86",681.56
2024-11-15,"1,393.68",192.66,"1,469.08",9.0293,154.34,3569548.9632,93223.2552,"2,416.86",685.42
2024-11-18,"1,390.50",192.11,"1,473.51",8.9901,154.65,3632264.1,95847.165,"2,469.07",689.55
2024-11-19,"1,392.32",192.31,"1,475.16",9.0013,154.65,3664140.6976,96487.776,"2,471.95",686.12
2024-11-20,"1,398.02",192.93,"1,473.93",8.994,155.43,3704822.901,96463.38,"2,482.29",682.91
2024-11-21,"1,399.15",193.3,"1,465.33",9.0525,154.51,3735296.7635,98010.4575,"2,480.63",680.67
2024-11-22,"1,402.40",193.54,"1,461.30",9.0612,154.74,3804080.1200000006,99654.544,"2,501.24",677.01
2024-11-25,"1,398.06",193.1,"1,467.12",9.0654,154.21,3670270.9956,95795.0712,"2,534.34",696.83
2024-11-26,"1,396.24",192.53,"1,464.24",9.1192,153.1,3674750.0936,95963.5752,"2,520.36",693.15
2024-11-27,"1,388.58",191.59,"1,466.90",9.188,151.1,3659616.4758,95312.1312,"2,503.06",692.0
2024-11-28,"1,393.73",192.37,"1,470.80",9.1959,151.54,3680785.1808,95749.251,"2,504.67",694.39
2024-11-29,"1,394.67",192.54,"1,474.86",9.3115,149.75,3700826.5785,95534.895,"2,455.91",678.19
2024-12-02,"1,403.96",193.04,"1,473.74",9.3829,149.59,3704952.1628,95469.28,"2,454.48",675.84
2024-12-03,"1,414.47",194.11,"1,486.47",9.4544,149.59,3739066.5768,98730.006,"2,500.10",690.8
2024-12-04,"1,411.13",194.19,"1,483.10",9.3669,150.6,3739198.1627,96718.85020000002,"2,464.00",677.15
2024-12-05,"1,413.28",194.63,"1,496.10",9.4137,150.08,3719823.624,96371.5632,"2,441.85",670.94
2024-12-06,"1,424.14",195.82,"1,505.03",9.4917,150.03,3749632.4474,95417.38,"2,428.16",661.33
2024-12-09,"1,428.40",196.72,"1,507.25",9.4446,151.19,3797801.352,97031.212,"2,360.58",627.01
2024-12-10,"1,434.30",197.81,"1,509.74",9.438,151.95,3863487.852,97862.289,"2,417.84",661.59
2024-12-11,"1,427.81",196.59,"1,498.20",9.3639,152.45,3880687.6333,99875.3095,"2,442.51",675.92
2024-12-12,"1,430.67",196.75,"1,497.48",9.3735,152.62,3836098.3911,99574.632,"2,482.12",683.35
2024-12-13,"1,434.03",197.07,"1,506.02",9.3319,153.64,3797870.7117,101342.9001,"2,494.46",693.73
2024-12-16,"1,436.81",197.25,"1,510.09",9.3196,154.15,3811138.525,100849.6939,"2,488.97",698.53
2024-12-17,"1,437.39",197.31,"1,507.68",9.3635,153.48,3802672.7406,100214.8308,"2,456.81",694.47
2024-12-18,"1,452.70",199.36,"1,503.84",9.3825,154.8,3759050.101,100788.326,"2,484.43",697.57
2024-12-19,"1,444.52",197.95,"1,496.81",9.1733,157.43,3746868.202,99859.6676,"2,435.93",684.36
2024-12-20,"1,444.57",197.97,"1,506.54",9.2352,156.41,3785885.7189,100368.7236,"2,404.15",668.31
2024-12-23,"1,451.28",198.85,"1,510.06",9.2315,157.16,3792093.0504,100631.7552,"2,442.01",679.24
2024-12-24,"1,458.93",199.96,"1,516.85",9.2801,157.18,3812475.876,102008.3856,"2,440.52",680.11
2024-12-26,"1,467.08",201.02,"1,528.99",9.2824,158.0,3864919.5644,102006.0724,"2,429.67",675.64
2024-12-27,"1,472.50",201.74,"1,535.38",9.3285,157.82,3857950.0,103192.8,"2,404.77",665.97
2024-12-30,"1,469.25",201.28,"1,529.05",9.3666,156.83,3827969.2575,104302.0575,"2,399.49",678.19
