Date,Price,Open,High,Low,Vol.,Change %
2023-01-02,130.73,131.13,131.13,130.62,,-0.29%
2023-01-03,131,130.86,131.41,129.51,,0.21%
2023-01-04,132.62,131.01,132.74,129.93,,1.24%
2023-01-05,133.4,132.63,134.07,131.68,,0.59%
2023-01-06,132.07,133.42,134.79,131.99,,-1.00%
2023-01-09,131.88,131.93,132.67,131.3,,-0.14%
2023-01-10,132.25,131.89,132.49,131.38,,0.28%
2023-01-11,132.47,132.26,132.89,132.06,,0.17%
2023-01-12,129.22,132.48,132.49,128.87,,-2.45%
2023-01-13,127.88,129.27,129.44,127.46,,-1.04%
2023-01-16,128.54,127.84,128.89,127.22,,0.52%
2023-01-17,128.13,128.57,129.15,127.99,,-0.32%
2023-01-18,128.88,128.11,131.58,127.57,,0.59%
2023-01-19,128.42,128.92,128.95,127.76,,-0.36%
2023-01-20,129.57,128.44,130.63,128.35,,0.90%
2023-01-23,130.66,129.51,130.91,129.04,,0.84%
2023-01-24,130.15,130.64,131.12,129.73,,-0.39%
2023-01-25,129.59,130.18,130.6,129.26,,-0.43%
2023-01-26,130.21,129.61,130.63,129.02,,0.48%
2023-01-27,129.85,130.21,130.28,129.5,,-0.28%
2023-01-30,130.44,129.72,130.62,129.2,,0.45%
2023-01-31,130.09,130.45,130.55,129.74,,-0.27%
2023-02-01,128.93,130.08,130.44,128.54,,-0.89%
2023-02-02,128.65,128.95,129.13,128.08,,-0.22%
2023-02-03,131.17,128.67,131.24,128.33,,1.96%
2023-02-06,132.65,132.15,132.92,131.51,,1.13%
2023-02-07,131.05,132.64,132.72,130.48,,-1.21%
2023-02-08,131.37,131.07,131.55,130.6,,0.24%
2023-02-09,131.56,131.38,131.83,130.34,,0.14%
2023-02-10,131.41,131.57,131.89,129.81,,-0.11%
2023-02-13,132.4,131.41,132.94,131.31,,0.75%
2023-02-14,133.11,132.42,133.33,131.51,,0.54%
2023-02-15,134.11,133.12,134.36,132.54,,0.75%
2023-02-16,133.94,134.16,134.51,133.6,,-0.13%
2023-02-17,134.15,133.95,135.13,133.93,,0.16%
2023-02-20,134.23,134.17,134.55,133.92,,0.06%
2023-02-21,134.99,134.26,135.24,134.14,,0.57%
2023-02-22,134.9,135.01,135.07,134.36,,-0.07%
2023-02-23,134.7,134.88,135.38,134.48,,-0.15%
2023-02-24,136.46,134.73,136.53,134.06,,1.31%
2023-02-27,136.2,136.51,136.57,135.92,,-0.19%
2023-02-28,136.2,136.23,136.95,135.74,,0.00%
2023-03-01,136.16,136.22,136.48,135.26,,-0.03%
2023-03-02,136.76,136.17,137.11,136.01,,0.44%
2023-03-03,135.86,136.77,136.79,135.74,,-0.66%
2023-03-06,135.91,135.88,136.21,135.37,,0.04%
2023-03-07,137.14,135.94,137.21,135.55,,0.91%
2023-03-08,137.34,137.17,137.92,136.48,,0.15%
2023-03-09,136.14,137.35,137.38,135.95,,-0.87%
2023-03-10,134.98,136.14,137.01,134.11,,-0.85%
2023-03-13,133.18,134.98,135.04,132.28,,-1.33%
2023-03-14,134.22,133.19,134.91,133.03,,0.78%
2023-03-15,133.4,134.23,135.13,132.22,,-0.61%
2023-03-16,133.72,133.39,133.86,131.72,,0.24%
2023-03-17,131.79,133.75,133.78,131.56,,-1.44%
2023-03-20,131.31,132.49,132.65,130.54,,-0.36%
2023-03-21,132.49,131.32,132.64,131.03,,0.90%
2023-03-22,131.44,132.51,133.01,131,,-0.79%
2023-03-23,130.81,131.45,131.68,130.32,,-0.48%
2023-03-24,130.69,130.82,130.95,129.64,,-0.09%
2023-03-27,131.56,130.54,131.79,130.5,,0.67%
2023-03-28,130.86,131.57,131.62,130.4,,-0.53%
2023-03-29,132.84,130.89,132.89,130.76,,1.51%
2023-03-30,132.65,132.86,132.98,132.2,,-0.14%
2023-03-31,132.79,132.67,133.61,132.58,,0.11%
2023-04-03,132.41,132.99,133.76,132.2,,-0.29%
2023-04-04,131.69,132.42,133.18,131.52,,-0.54%
2023-04-05,131.31,131.7,131.86,130.64,,-0.29%
2023-04-06,131.76,131.32,131.91,130.77,,0.34%
2023-04-07,132.13,131.78,132.39,131.52,,0.28%
2023-04-10,133.6,132.13,133.89,131.83,,1.11%
2023-04-11,133.65,133.61,133.82,132.97,,0.04%
2023-04-12,133.12,133.71,134.05,132.74,,-0.40%
2023-04-13,132.56,133.14,133.41,132.02,,-0.42%
2023-04-14,133.77,132.58,133.87,132.17,,0.91%
2023-04-17,134.46,133.83,134.58,133.71,,0.52%
2023-04-18,134.09,134.45,134.71,133.86,,-0.28%
2023-04-19,134.69,134.12,135.14,133.94,,0.45%
2023-04-20,134.23,134.72,134.98,134.01,,-0.34%
2023-04-21,134.15,134.24,134.51,133.55,,-0.06%
2023-04-24,134.22,134.1,134.76,133.89,,0.05%
2023-04-25,133.71,134.25,134.5,133.37,,-0.38%
2023-04-26,133.66,133.72,133.95,133.01,,-0.04%
2023-04-27,133.94,133.68,134.21,133.22,,0.21%
2023-04-28,136.28,133.96,136.57,133.37,,1.75%
2023-05-01,137.48,136.3,137.54,136.19,,0.88%
2023-05-02,136.53,137.5,137.78,136.31,,-0.69%
2023-05-03,134.68,136.56,136.63,134.69,,-1.36%
2023-05-04,134.27,134.7,134.89,133.5,,-0.30%
2023-05-05,134.83,134.29,135.14,133.88,,0.42%
2023-05-08,135.08,134.82,135.3,134.64,,0.19%
2023-05-09,135.21,135.1,135.37,134.72,,0.10%
2023-05-10,134.34,135.23,135.49,134.11,,-0.64%
2023-05-11,134.54,134.36,134.85,133.74,,0.15%
2023-05-12,135.71,134.51,135.77,134.39,,0.87%
2023-05-15,136.11,135.61,136.33,135.6,,0.29%
2023-05-16,136.37,136.12,136.7,135.69,,0.19%
2023-05-17,137.67,136.39,137.72,136.3,,0.95%
2023-05-18,138.71,137.67,138.76,137.29,,0.76%
2023-05-19,137.95,138.73,138.74,137.43,,-0.55%
2023-05-22,138.6,138.03,138.72,137.49,,0.47%
2023-05-23,138.58,138.61,138.92,138.24,,-0.01%
2023-05-24,139.46,138.59,139.49,138.23,,0.64%
2023-05-25,140.05,139.48,140.26,138.82,,0.42%
2023-05-26,140.62,140.06,140.74,139.49,,0.41%
2023-05-29,140.44,140.69,140.92,140.11,,-0.13%
2023-05-30,139.79,140.45,140.95,139.57,,-0.46%
2023-05-31,139.34,139.81,140.39,139.23,,-0.32%
2023-06-01,138.79,139.35,139.97,138.46,,-0.39%
2023-06-02,139.94,138.79,140.08,138.6,,0.83%
2023-06-05,139.54,139.99,140.47,139.25,,-0.29%
2023-06-06,139.63,139.56,140.01,139.09,,0.06%
2023-06-07,140.11,139.64,140.26,139.02,,0.34%
2023-06-08,138.91,140.13,140.24,138.81,,-0.86%
2023-06-09,139.34,138.93,139.75,138.75,,0.31%
2023-06-12,139.6,139.4,139.77,139.06,,0.19%
2023-06-13,140.21,139.61,140.32,139.01,,0.44%
2023-06-14,140.09,140.2,140.28,139.28,,-0.09%
2023-06-15,140.27,140.08,141.52,139.94,,0.13%
2023-06-16,141.82,140.32,141.92,139.85,,1.11%
2023-06-19,141.98,141.81,142.07,141.44,,0.11%
2023-06-20,141.44,141.99,142.26,141.21,,-0.38%
2023-06-21,141.88,141.48,142.42,141.27,,0.31%
2023-06-22,143.11,141.89,143.26,141.61,,0.87%
2023-06-23,143.68,143.11,143.94,142.76,,0.40%
2023-06-26,143.5,143.57,143.73,142.94,,-0.13%
2023-06-27,144.07,143.51,144.22,143.27,,0.40%
2023-06-28,144.46,144.05,144.64,143.73,,0.27%
2023-06-29,144.77,144.49,144.92,144.13,,0.21%
2023-06-30,144.32,144.77,145.08,144.2,,-0.31%
2023-07-03,144.66,144.37,144.95,143.98,,0.24%
2023-07-04,144.45,144.7,144.72,144.2,,-0.15%
2023-07-05,144.64,144.48,144.76,144.08,,0.13%
2023-07-06,144.06,144.66,144.67,143.55,,-0.40%
2023-07-07,142.07,144.09,144.21,142.07,,-1.38%
2023-07-10,141.31,142.2,143.01,141.27,,-0.53%
2023-07-11,140.37,141.36,141.47,140.16,,-0.67%
2023-07-12,138.5,140.38,140.41,138.16,,-1.33%
2023-07-13,138.03,138.51,138.97,137.92,,-0.34%
2023-07-14,138.73,138.01,139.18,137.25,,0.51%
2023-07-17,138.71,138.76,139.42,138.01,,-0.01%
2023-07-18,138.81,138.71,139.15,137.7,,0.07%
2023-07-19,139.67,138.83,140.01,138.76,,0.62%
2023-07-20,140.07,139.69,140.51,139.11,,0.29%
2023-07-21,141.79,140.08,141.97,139.75,,1.23%
2023-07-24,141.44,141.69,141.82,140.75,,-0.25%
2023-07-25,140.9,141.47,141.75,140.85,,-0.38%
2023-07-26,140.21,140.89,141.19,139.93,,-0.49%
2023-07-27,139.44,140.23,141.34,138.77,,-0.55%
2023-07-28,141.15,139.45,141.19,138.07,,1.23%
2023-07-31,142.28,141,142.69,140.69,,0.80%
2023-08-01,143.32,142.31,143.56,142.2,,0.73%
2023-08-02,143.32,143.34,143.49,142.24,,0.00%
2023-08-03,142.54,143.33,143.9,142.06,,-0.54%
2023-08-04,141.75,142.57,142.89,141.55,,-0.55%
2023-08-07,142.49,141.8,142.62,141.52,,0.52%
2023-08-08,143.37,142.48,143.51,142.4,,0.62%
2023-08-09,143.72,143.38,143.8,143,,0.24%
2023-08-10,144.73,143.73,144.83,143.3,,0.70%
2023-08-11,144.96,144.73,145.06,144.42,,0.16%
2023-08-14,145.54,144.99,145.6,144.66,,0.40%
2023-08-15,145.57,145.56,145.88,145.1,,0.02%
2023-08-16,146.35,145.59,146.42,145.31,,0.54%
2023-08-17,145.83,146.36,146.57,145.62,,-0.36%
2023-08-18,145.37,145.86,145.89,144.93,,-0.32%
2023-08-21,146.17,145.34,146.41,145.14,,0.55%
2023-08-22,145.88,146.19,146.4,145.49,,-0.20%
2023-08-23,144.83,145.89,145.9,144.54,,-0.72%
2023-08-24,145.87,144.83,145.97,144.59,,0.72%
2023-08-25,146.41,145.84,146.64,145.73,,0.37%
2023-08-28,146.54,146.43,146.75,146.26,,0.09%
2023-08-29,145.87,146.55,147.39,145.67,,-0.46%
2023-08-30,146.24,145.9,146.59,145.56,,0.25%
2023-08-31,145.53,146.23,146.26,145.35,,-0.49%
2023-09-01,146.23,145.54,146.32,144.44,,0.48%
2023-09-04,146.46,146.2,146.54,146.01,,0.16%
2023-09-05,147.71,146.49,147.82,146.39,,0.85%
2023-09-06,147.65,147.74,147.82,147.01,,-0.04%
2023-09-07,147.29,147.66,147.88,147.04,,-0.24%
2023-09-08,147.81,147.3,147.88,146.58,,0.35%
2023-09-11,146.58,147.02,147.28,145.9,,-0.83%
2023-09-12,147.08,146.59,147.26,146.45,,0.34%
2023-09-13,147.45,147.07,147.74,147.01,,0.25%
2023-09-14,147.47,147.45,147.58,147.01,,0.01%
2023-09-15,147.82,147.49,147.99,147.34,,0.24%
2023-09-18,147.6,147.74,147.88,147.56,,-0.15%
2023-09-19,147.86,147.61,147.98,147.5,,0.18%
2023-09-20,148.33,147.85,148.37,147.47,,0.32%
2023-09-21,147.58,148.33,148.46,147.32,,-0.51%
2023-09-22,148.37,147.57,148.45,147.51,,0.54%
2023-09-25,148.88,148.37,149,148.25,,0.34%
2023-09-26,149.05,148.92,149.22,148.7,,0.11%
2023-09-27,149.63,149.06,149.75,148.86,,0.39%
2023-09-28,149.29,149.64,149.64,149.14,,-0.23%
2023-09-29,149.35,149.31,149.52,148.52,,0.04%
2023-10-02,149.85,149.48,149.93,149.45,,0.33%
2023-10-03,149.02,149.87,150.19,147.39,,-0.55%
2023-10-04,149.12,149.02,149.33,148.73,,0.07%
2023-10-05,148.5,149.12,149.14,148.26,,-0.42%
2023-10-06,149.32,148.51,149.55,148.35,,0.55%
2023-10-09,148.5,149.07,149.25,148.43,,-0.55%
2023-10-10,148.7,148.56,149.14,148.16,,0.13%
2023-10-11,149.15,148.71,149.37,148.42,,0.30%
2023-10-12,149.8,149.17,149.89,148.95,,0.44%
2023-10-13,149.55,149.8,149.83,149.45,,-0.17%
2023-10-16,149.5,149.49,149.79,149.35,,-0.03%
2023-10-17,149.8,149.51,149.92,149.23,,0.20%
2023-10-18,149.92,149.82,149.99,149.49,,0.08%
2023-10-19,149.78,149.94,150.01,149.66,,-0.09%
2023-10-20,149.84,149.78,150.06,149.74,,0.04%
2023-10-23,149.7,149.8,150.01,149.55,,-0.09%
2023-10-24,149.91,149.72,149.94,149.32,,0.14%
2023-10-25,150.21,149.91,150.32,149.79,,0.20%
2023-10-26,150.38,150.2,150.79,149.89,,0.11%
2023-10-27,149.6,150.38,150.43,149.46,,-0.52%
2023-10-30,149.1,149.54,149.93,148.8,,-0.33%
2023-10-31,151.67,149.11,151.76,149.02,,1.72%
2023-11-01,150.95,151.72,151.72,150.66,,-0.47%
2023-11-02,150.44,150.95,150.98,149.84,,-0.34%
2023-11-03,149.37,150.46,150.53,149.2,,-0.71%
2023-11-06,150.07,149.38,150.09,149.24,,0.47%
2023-11-07,150.34,150.07,150.7,149.93,,0.18%
2023-11-08,150.97,150.36,151.07,150.34,,0.42%
2023-11-09,151.34,150.97,151.4,150.77,,0.25%
2023-11-10,151.5,151.35,151.62,151.21,,0.11%
2023-11-13,151.71,151.51,151.95,151.2,,0.14%
2023-11-14,150.38,151.73,151.82,150.15,,-0.88%
2023-11-15,151.35,150.37,151.47,150.05,,0.65%
2023-11-16,150.71,151.35,151.5,150.28,,-0.42%
2023-11-17,149.62,150.7,150.79,149.2,,-0.72%
2023-11-20,148.36,149.64,150,148.1,,-0.84%
2023-11-21,148.39,148.38,148.61,147.15,,0.02%
2023-11-22,149.53,148.4,149.76,148.01,,0.77%
2023-11-23,149.56,149.54,149.7,148.89,,0.02%
2023-11-24,149.44,149.57,149.72,149.2,,-0.08%
2023-11-27,148.67,149.45,149.68,148.54,,-0.52%
2023-11-28,147.48,148.68,148.85,147.32,,-0.80%
2023-11-29,147.24,147.48,147.92,146.67,,-0.16%
2023-11-30,148.19,147.25,148.51,146.83,,0.65%
2023-12-01,146.81,148.2,148.35,146.66,,-0.93%
2023-12-04,147.2,146.73,147.51,146.23,,0.27%
2023-12-05,147.15,147.18,147.41,146.56,,-0.03%
2023-12-06,147.31,147.19,147.53,146.89,,0.11%
2023-12-07,144.12,147.3,147.32,141.71,,-2.17%
2023-12-08,144.93,144.11,145.22,142.5,,0.56%
2023-12-11,146.16,144.86,146.59,144.81,,0.85%
2023-12-12,145.43,146.13,146.2,144.74,,-0.50%
2023-12-13,142.88,145.45,146.01,142.64,,-1.75%
2023-12-14,141.87,142.89,142.9,140.96,,-0.71%
2023-12-15,142.15,141.87,142.47,141.43,,0.20%
2023-12-18,142.74,142.14,143.17,142.07,,0.42%
2023-12-19,143.82,142.82,144.97,142.25,,0.76%
2023-12-20,143.56,143.83,144.1,143.26,,-0.18%
2023-12-21,142.1,143.57,143.58,142.04,,-1.02%
2023-12-22,142.41,142.12,142.68,141.88,,0.22%
2023-12-25,142.34,142.4,142.56,142.13,,-0.05%
2023-12-26,142.38,142.32,142.64,142.09,,0.03%
2023-12-27,141.83,142.39,142.85,141.55,,-0.39%
2023-12-28,141.39,141.83,141.83,140.25,,-0.31%
2023-12-29,141.06,141.4,141.92,140.8,,-0.23%
2024-01-01,140.87,140.83,140.9,140.83,,-0.13%
2024-01-02,141.98,140.88,142.23,140.81,,0.79%
2024-01-03,143.29,142,143.75,141.86,,0.92%
2024-01-04,144.62,143.3,144.87,142.85,,0.93%
2024-01-05,144.65,144.63,145.99,143.81,,0.02%
2024-01-08,144.22,144.6,144.93,143.66,,-0.30%
2024-01-09,144.47,144.27,144.64,143.42,,0.17%
2024-01-10,145.73,144.48,145.86,144.32,,0.87%
2024-01-11,145.28,145.75,146.43,145.26,,-0.31%
2024-01-12,144.9,145.29,145.57,144.36,,-0.26%
2024-01-15,145.73,144.92,145.96,144.87,,0.57%
2024-01-16,147.18,145.74,147.33,145.58,,0.99%
2024-01-17,148.15,147.2,148.54,147.07,,0.66%
2024-01-18,148.15,148.15,148.32,147.65,,0.00%
2024-01-19,148.14,148.13,148.82,147.84,,-0.01%
2024-01-22,148.09,148.28,148.32,147.62,,-0.03%
2024-01-23,148.36,148.1,148.73,146.99,,0.18%
2024-01-24,147.5,148.36,148.4,146.65,,-0.58%
2024-01-25,147.65,147.51,147.94,147.08,,0.10%
2024-01-26,148.16,147.63,148.23,147.42,,0.35%
2024-01-29,147.49,148.12,148.34,147.25,,-0.45%
2024-01-30,147.6,147.51,147.95,147.1,,0.07%
2024-01-31,146.88,147.61,147.91,146.01,,-0.49%
2024-02-01,146.42,146.89,147.13,145.89,,-0.31%
2024-02-02,148.37,146.44,148.6,146.24,,1.33%
2024-02-05,148.67,148.36,148.92,148.26,,0.20%
2024-02-06,147.94,148.67,148.84,147.82,,-0.49%
2024-02-07,148.18,147.95,148.3,147.64,,0.16%
2024-02-08,149.31,148.19,149.51,147.93,,0.76%
2024-02-09,149.3,149.33,149.6,149.01,,-0.01%
2024-02-12,149.34,149.25,149.49,148.93,,0.03%
2024-02-13,150.79,149.35,150.9,149.26,,0.97%
2024-02-14,150.55,150.79,150.82,150.35,,-0.16%
2024-02-15,149.91,150.57,150.6,149.54,,-0.43%
2024-02-16,150.21,149.93,150.65,149.82,,0.20%
2024-02-19,150.11,150.1,150.24,149.87,,-0.07%
2024-02-20,149.99,150.13,150.45,149.68,,-0.08%
2024-02-21,150.28,150.01,150.41,149.85,,0.19%
2024-02-22,150.51,150.31,150.7,150.01,,0.15%
2024-02-23,150.5,150.54,150.79,150.3,,-0.01%
2024-02-26,150.69,150.48,150.85,150.29,,0.13%
2024-02-27,150.5,150.7,150.72,150.07,,-0.13%
2024-02-28,150.67,150.51,150.85,150.37,,0.11%
2024-02-29,149.98,150.7,150.7,149.2,,-0.46%
2024-03-01,150.11,149.98,150.73,149.95,,0.09%
2024-03-04,150.51,150.11,150.64,149.83,,0.27%
2024-03-05,150.04,150.52,150.64,149.7,,-0.31%
2024-03-06,149.37,150.04,150.1,149.09,,-0.45%
2024-03-07,148.03,149.36,149.4,147.58,,-0.90%
2024-03-08,147.07,148.04,148.12,146.48,,-0.65%
2024-03-11,146.94,147.07,147.18,146.48,,-0.09%
2024-03-12,147.68,146.95,148.15,146.62,,0.50%
2024-03-13,147.74,147.7,148.06,147.23,,0.04%
2024-03-14,148.32,147.76,148.37,147.43,,0.39%
2024-03-15,149.02,148.36,149.2,148.03,,0.47%
2024-03-18,149.14,149.01,149.33,148.9,,0.08%
2024-03-19,150.85,149.16,150.97,149.03,,1.15%
2024-03-20,151.25,150.89,151.88,150.73,,0.27%
2024-03-21,151.61,151.26,151.81,150.26,,0.24%
2024-03-22,151.42,151.64,151.87,151,,-0.13%
2024-03-25,151.41,151.44,151.55,151.04,,-0.01%
2024-03-26,151.55,151.42,151.62,151.2,,0.09%
2024-03-27,151.32,151.57,151.98,151.03,,-0.15%
2024-03-28,151.37,151.32,151.56,151.15,,0.03%
2024-03-29,151.31,151.38,151.51,151.17,,-0.04%
2024-04-01,151.63,151.32,151.78,151.22,,0.21%
2024-04-02,151.55,151.65,151.82,151.46,,-0.05%
2024-04-03,151.68,151.56,151.96,151.44,,0.09%
2024-04-04,151.33,151.7,151.79,151.12,,-0.23%
2024-04-05,151.61,151.35,151.76,150.81,,0.19%
2024-04-08,151.79,151.57,151.96,151.56,,0.12%
2024-04-09,151.77,151.81,151.95,151.57,,-0.01%
2024-04-10,153.17,151.75,153.25,151.68,,0.92%
2024-04-11,153.27,153.16,153.33,152.76,,0.07%
2024-04-12,153.28,153.27,153.4,152.59,,0.01%
2024-04-15,154.27,153.09,154.46,152.99,,0.65%
2024-04-16,154.71,154.27,154.8,153.9,,0.29%
2024-04-17,154.38,154.72,154.76,154.16,,-0.21%
2024-04-18,154.63,154.39,154.72,153.95,,0.16%
2024-04-19,154.63,154.65,154.68,153.58,,0.00%
2024-04-22,154.84,154.64,154.89,154.46,,0.14%
2024-04-23,154.82,154.85,154.88,154.56,,-0.01%
2024-04-24,155.34,154.83,155.39,154.73,,0.34%
2024-04-25,155.65,155.32,155.76,155.2,,0.20%
2024-04-26,158.33,155.62,158.45,154.98,,1.72%
2024-04-29,156.33,157.82,160.05,154.52,,-1.26%
2024-04-30,157.8,156.35,157.86,156.07,,0.94%
2024-05-01,154.47,157.81,158.04,153.18,,-2.11%
2024-05-02,153.63,154.93,156.29,153.06,,-0.54%
2024-05-03,152.98,153.65,153.8,151.86,,-0.42%
2024-05-06,153.88,152.88,154.01,152.81,,0.59%
2024-05-07,154.69,153.9,154.78,153.86,,0.53%
2024-05-08,155.48,154.7,155.69,154.56,,0.51%
2024-05-09,155.46,155.5,155.97,155.16,,-0.01%
2024-05-10,155.72,155.47,155.92,155.26,,0.17%
2024-05-13,156.2,155.74,156.31,155.56,,0.31%
2024-05-14,156.42,156.18,156.78,156.14,,0.14%
2024-05-15,154.87,156.43,156.57,154.69,,-0.99%
2024-05-16,155.38,154.88,155.54,153.59,,0.33%
2024-05-17,155.65,155.39,156.01,155.25,,0.17%
2024-05-20,156.24,155.61,156.32,155.49,,0.38%
2024-05-21,156.15,156.26,156.56,155.84,,-0.06%
2024-05-22,156.77,156.17,156.85,156.11,,0.40%
2024-05-23,156.93,156.79,157.2,156.53,,0.10%
2024-05-24,156.99,156.94,157.16,156.82,,0.04%
2024-05-27,156.86,157.04,157.04,156.66,,-0.08%
2024-05-28,157.16,156.85,157.2,156.58,,0.19%
2024-05-29,157.6,157.14,157.79,156.92,,0.28%
2024-05-30,156.81,157.64,157.68,156.38,,-0.50%
2024-05-31,157.31,156.82,157.39,156.56,,0.32%
2024-06-03,156.1,157.32,157.49,155.95,,-0.77%
2024-06-04,154.87,156.12,156.5,154.55,,-0.79%
2024-06-05,156.1,154.86,156.5,154.79,,0.79%
2024-06-06,155.6,156.1,156.45,155.36,,-0.32%
2024-06-07,156.7,155.62,157.09,155.12,,0.71%
2024-06-10,157.02,156.74,157.2,156.7,,0.20%
2024-06-11,157.07,157.05,157.47,156.8,,0.03%
2024-06-12,156.71,157.07,157.45,155.72,,-0.23%
2024-06-13,157.02,156.72,157.36,156.58,,0.20%
2024-06-14,157.37,157.04,158.28,156.88,,0.22%
2024-06-17,157.71,157.38,157.97,157.15,,0.22%
2024-06-18,157.85,157.74,158.25,157.51,,0.09%
2024-06-19,158.08,157.85,158.12,157.6,,0.15%
2024-06-20,158.9,158.1,158.95,157.92,,0.52%
2024-06-21,159.79,158.94,159.86,158.67,,0.56%
2024-06-24,159.59,159.84,159.93,158.82,,-0.13%
2024-06-25,159.69,159.58,159.81,159.19,,0.06%
2024-06-26,160.79,159.71,160.88,159.61,,0.69%
2024-06-27,160.74,160.82,160.86,160.28,,-0.03%
2024-06-28,160.83,160.76,161.28,160.26,,0.06%
2024-07-01,161.45,160.89,161.76,160.66,,0.39%
2024-07-02,161.44,161.51,161.78,161.27,,-0.01%
2024-07-03,161.68,161.46,162.01,160.77,,0.15%
2024-07-04,161.25,161.7,161.7,160.95,,-0.27%
2024-07-05,160.72,161.26,161.4,160.34,,-0.33%
2024-07-08,160.81,160.7,161.13,160.26,,0.06%
2024-07-09,161.31,160.79,161.52,160.73,,0.31%
2024-07-10,161.67,161.35,161.85,161.26,,0.22%
2024-07-11,158.8,161.64,161.77,157.43,,-1.78%
2024-07-12,157.89,158.82,159.45,157.38,,-0.57%
2024-07-15,158.01,157.88,158.43,157.17,,0.08%
2024-07-16,158.34,158.07,158.87,158,,0.21%
2024-07-17,156.16,158.36,158.63,156.06,,-1.38%
2024-07-18,157.37,156.15,157.41,155.37,,0.77%
2024-07-19,157.49,157.38,157.88,156.96,,0.08%
2024-07-22,157,157.45,157.63,156.28,,-0.31%
2024-07-23,155.58,157.03,157.11,155.56,,-0.90%
2024-07-24,153.87,155.56,156,153.11,,-1.10%
2024-07-25,153.93,153.9,154.33,151.94,,0.04%
2024-07-26,153.72,153.95,154.75,153.13,,-0.14%
2024-07-29,154.01,153.81,154.36,153.01,,0.19%
2024-07-30,152.76,154.02,155.23,152.65,,-0.81%
2024-07-31,149.98,152.81,153.75,149.61,,-1.82%
2024-08-01,149.36,149.99,150.89,148.5,,-0.41%
2024-08-02,146.54,149.38,149.78,146.42,,-1.89%
2024-08-05,144.17,146.51,146.57,141.68,,-1.62%
2024-08-06,144.3,144.17,146.38,143.62,,0.09%
2024-08-07,146.69,144.35,147.9,144.31,,1.66%
2024-08-08,147.28,146.67,147.55,145.43,,0.40%
2024-08-09,146.61,147.29,147.82,146.27,,-0.45%
2024-08-12,147.19,146.74,148.24,146.7,,0.40%
2024-08-13,146.82,147.2,147.96,146.6,,-0.25%
2024-08-14,147.31,146.84,147.59,146.07,,0.33%
2024-08-15,149.27,147.33,149.4,147.05,,1.33%
2024-08-16,147.58,149.29,149.36,147.57,,-1.13%
2024-08-19,146.57,147.66,148.06,145.19,,-0.68%
2024-08-20,145.25,146.6,147.36,145.2,,-0.90%
2024-08-21,145.26,145.26,146.61,144.45,,0.01%
2024-08-22,146.26,145.25,146.55,144.85,,0.69%
2024-08-23,144.37,146.29,146.5,144.05,,-1.29%
2024-08-26,144.52,144.24,144.66,143.45,,0.10%
2024-08-27,143.95,144.53,145.19,143.92,,-0.39%
2024-08-28,144.57,143.98,145.06,143.68,,0.43%
2024-08-29,144.98,144.61,145.57,144.22,,0.28%
2024-08-30,146.16,144.98,146.26,144.66,,0.81%
2024-09-02,146.9,146.19,147.19,145.78,,0.51%
2024-09-03,145.47,146.9,147.21,145.16,,-0.97%
2024-09-04,143.73,145.48,145.57,143.71,,-1.20%
2024-09-05,143.44,143.74,144.25,142.85,,-0.20%
2024-09-06,142.27,143.45,143.92,141.78,,-0.82%
2024-09-09,143.17,142.23,143.81,141.95,,0.63%
2024-09-10,142.43,143.15,143.73,142.2,,-0.52%
2024-09-11,142.35,142.47,142.55,140.71,,-0.06%
2024-09-12,141.79,142.36,143.06,141.72,,-0.39%
2024-09-13,140.82,141.82,141.88,140.28,,-0.68%
2024-09-16,140.6,140.75,140.92,139.57,,-0.16%
2024-09-17,142.4,140.62,142.48,140.32,,1.28%
2024-09-18,142.27,142.42,142.73,140.44,,-0.09%
2024-09-19,142.62,142.29,143.95,141.89,,0.25%
2024-09-20,143.91,142.63,144.51,141.74,,0.90%
2024-09-23,143.6,143.94,144.46,143.17,,-0.22%
2024-09-24,143.21,143.62,144.7,143.12,,-0.27%
2024-09-25,144.75,143.23,144.85,142.9,,1.08%
2024-09-26,144.8,144.76,145.23,144.11,,0.03%
2024-09-27,142.19,144.82,146.5,142.07,,-1.80%
2024-09-30,143.62,142.24,143.94,141.64,,1.01%
2024-10-01,143.56,143.63,144.55,142.97,,-0.04%
2024-10-02,146.46,143.57,146.52,143.43,,2.02%
2024-10-03,146.92,146.47,147.25,146.29,,0.31%
2024-10-04,148.71,146.94,149.01,145.92,,1.22%
2024-10-07,148.18,148.73,149.14,147.85,,-0.36%
2024-10-08,148.19,148.19,148.39,147.34,,0.01%
2024-10-09,149.29,148.2,149.38,148.01,,0.74%
2024-10-10,148.56,149.31,149.56,148.35,,-0.49%
2024-10-11,149.13,148.57,149.29,148.4,,0.38%
2024-10-14,149.75,149.14,150.01,149.07,,0.42%
2024-10-15,149.19,149.76,149.84,148.85,,-0.37%
2024-10-16,149.62,149.2,149.84,148.87,,0.29%
2024-10-17,150.2,149.64,150.34,149.23,,0.39%
2024-10-18,149.52,150.21,150.29,149.36,,-0.45%
2024-10-21,150.83,149.48,150.89,149.08,,0.88%
2024-10-22,151.06,150.84,151.21,150.5,,0.15%
2024-10-23,152.75,151.07,153.2,151.02,,1.12%
2024-10-24,151.82,152.73,152.83,151.55,,-0.61%
2024-10-25,152.3,151.83,152.39,151.45,,0.32%
2024-10-28,153.28,152.36,153.88,152.32,,0.64%
2024-10-29,153.35,153.29,153.88,152.75,,0.05%
2024-10-30,153.41,153.36,153.51,152.79,,0.04%
2024-10-31,152.03,153.42,153.58,151.84,,-0.90%
2024-11-01,152.98,152.04,153.11,151.78,,0.62%
2024-11-04,152.13,152.98,153.05,151.53,,-0.56%
2024-11-05,151.6,152.13,152.57,151.33,,-0.35%
2024-11-06,154.63,151.62,154.73,151.29,,2.00%
2024-11-07,152.93,154.64,154.72,152.7,,-1.10%
2024-11-08,152.63,152.94,153.37,152.14,,-0.20%
2024-11-11,153.71,152.68,153.96,152.64,,0.71%
2024-11-12,154.6,153.71,154.94,153.41,,0.58%
2024-11-13,155.45,154.62,155.64,154.34,,0.55%
2024-11-14,156.25,155.46,156.44,155.33,,0.51%
2024-11-15,154.34,156.28,156.76,153.86,,-1.22%
2024-11-18,154.65,154.42,155.37,153.85,,0.20%
2024-11-19,154.65,154.7,154.81,153.29,,0.00%
2024-11-20,155.43,154.67,155.9,154.52,,0.50%
2024-11-21,154.51,155.43,155.43,153.91,,-0.59%
2024-11-22,154.74,154.54,155.02,153.97,,0.15%
2024-11-25,154.21,154.26,154.75,153.55,,-0.34%
2024-11-26,153.1,154.2,154.5,152.99,,-0.72%
2024-11-27,151.1,153.07,153.25,150.45,,-1.31%
2024-11-28,151.54,151.07,152.01,150.92,,0.29%
2024-11-29,149.75,151.55,151.57,149.47,,-1.18%
2024-12-02,149.59,149.75,150.76,149.07,,-0.11%
2024-12-03,149.59,149.61,150.25,148.64,,0.00%
2024-12-04,150.6,149.6,151.24,149.52,,0.68%
2024-12-05,150.08,150.61,150.79,149.65,,-0.35%
2024-12-06,150.03,150.11,150.71,149.36,,-0.03%
2024-12-09,151.19,150.07,151.36,149.69,,0.77%
2024-12-10,151.95,151.17,152.19,150.89,,0.50%
2024-12-11,152.45,151.97,152.82,151.01,,0.33%
2024-12-12,152.62,152.45,152.8,151.8,,0.11%
2024-12-13,153.64,152.63,153.81,152.45,,0.67%
2024-12-16,154.15,153.64,154.49,153.32,,0.33%
2024-12-17,153.48,154.12,154.36,153.15,,-0.43%
2024-12-18,154.8,153.45,154.87,153.32,,0.86%
2024-12-19,157.43,154.82,157.82,154.43,,1.70%
2024-12-20,156.41,157.45,157.94,155.95,,-0.65%
2024-12-23,157.16,156.48,157.32,156.33,,0.48%
2024-12-24,157.18,157.14,157.44,156.89,,0.01%
2024-12-25,157.4,157.17,157.51,156.98,,0.14%
2024-12-26,158,157.22,158.11,157.07,,0.38%
2024-12-27,157.82,157.89,158.01,157.35,,-0.11%
2024-12-30,156.83,157.74,158.08,156.67,,-0.63%
2024-12-31,157.18,156.85,157.61,156.01,,0.22%
